code,name,surname,birthday,address_street_number,address_street,address_city,address_postal_code,address_country
ind-65833055-369,Georgetta,Rosel,1929-09-10T19:52:48Z,5796,East,Chŏngju,,North Korea
ind-66528265-031,Alva,Chark,1932-01-13T19:20:27Z,6106,Farragut,Yŏnan-ŭp,,North Korea
ind-06498531-865,Sher,Elcox,1988-01-21T20:13:00Z,19,Transport,Iwŏn-ŭp,,North Korea
ind-59583646-979,Brittaney,Massenhove,1923-01-18T14:00:22Z,5,Cherokee,Sinanju,,North Korea
ind-38133694-788,Davie,Arnould,1939-08-07T12:30:58Z,431,Summerview,Ŭiju,,North Korea
ind-85207028-499,Dominic,Shear,1955-04-07T05:26:50Z,2135,Farmco,T’ongch’ŏn-ŭp,,North Korea
ind-21801160-332,Bernardo,Benninger,1956-03-02T03:42:49Z,386,Namekagon,Ayang-ni,,North Korea
ind-40628151-715,Ambrosi,Legendre,1922-04-28T14:21:41Z,2,Quincy,Hongwŏn,,North Korea
ind-27092735-991,Rozanne,Obee,2000-02-21T21:15:57Z,975,Montana,Sunan,,North Korea
ind-07557282-920,Mariann,Crickmer,1970-03-26T01:11:05Z,144,West,Chŏngju,,North Korea
ind-07492645-632,Arnold,Gledhall,1975-04-15T06:53:12Z,1,Sugar,Hwangju-ŭp,,North Korea
ind-06820044-552,Burnaby,Charer,1967-03-25T03:15:54Z,54,Arapahoe,Hongwŏn,,North Korea
ind-26438049-364,Carlyn,Honywill,2006-09-14T19:01:03Z,00,Carey,Kapsan-ŭp,,North Korea
ind-49275197-727,Violet,Carlisi,1965-10-30T11:00:13Z,760,Birchwood,Sakchu-ŭp,,North Korea
ind-73528129-332,Joli,Emmines,1941-11-07T11:01:31Z,54,Anniversary,Najin,,North Korea
ind-36559796-481,Hube,Bayston,1972-08-25T01:50:12Z,126,Old Gate,Haeju,,North Korea
ind-84931523-308,Darren,L' Anglois,1952-11-03T09:31:07Z,1811,Marquette,Chongjin,,North Korea
ind-96134906-157,Ivonne,Goakes,2001-04-07T20:04:00Z,4703,Stuart,Aoji-ri,,North Korea
ind-72726668-144,Kim,Spurman,1966-10-25T16:10:08Z,6,Daystar,Aoji-ri,,North Korea
ind-24844490-442,Tanny,Pedwell,1979-01-22T09:41:21Z,09,Russell,Anbyŏn-ŭp,,North Korea
ind-76431917-575,Stillman,Yanson,1929-12-02T10:54:50Z,6,High Crossing,Yŏnggwang-ŭp,,North Korea
ind-45992494-553,Bret,Dotson,1945-03-03T15:35:34Z,320,Mayfield,Hyesan-si,,North Korea
ind-35447413-938,Dev,Staines,1971-11-23T07:00:03Z,59,Elka,Hyesan-si,,North Korea
ind-96574703-052,Arvy,Seeks,1969-09-27T08:38:52Z,2484,Fuller,Hamhŭng,,North Korea
ind-47673045-557,Claudio,Persence,1926-02-08T18:41:58Z,1,Lindbergh,Haeju,,North Korea
ind-50019073-612,Sauveur,Janoch,1982-05-14T22:04:23Z,6054,American,Haeju,,North Korea
ind-13147349-189,Meade,Chasmor,1971-02-06T02:16:59Z,24,Elgar,Changyŏn,,North Korea
ind-81077602-222,Barry,Rosenfelder,1976-10-09T10:15:36Z,1,Eastwood,Ayang-ni,,North Korea
ind-27679793-174,Daphene,Suscens,1977-09-28T21:34:03Z,464,Coleman,Chongjin,,North Korea
ind-28584450-418,Annamarie,Eakly,1956-03-15T18:07:24Z,23,Everett,Chŏngju,,North Korea
ind-46290935-284,Nicola,Favell,1933-10-20T10:46:55Z,838,Forest Dale,Chasŏng,,North Korea
ind-31841729-902,Luelle,Lytton,1938-11-03T18:22:31Z,51,Sauthoff,Yŏnggwang-ŭp,,North Korea
ind-49588625-953,Brew,Spencer,1960-11-17T13:50:33Z,21,Briar Crest,Namyang-dong,,North Korea
ind-12618424-428,Hana,Ebbrell,1994-12-14T06:23:48Z,19532,Cottonwood,Kapsan-ŭp,,North Korea
ind-20296097-404,Barbey,Tilston,1973-12-23T14:41:56Z,721,Clemons,Sil-li,,North Korea
ind-12785078-029,Malanie,Guttridge,1933-02-26T23:01:58Z,242,Florence,Chongjin,,North Korea
ind-13147413-083,Ciro,Greasty,1991-01-18T17:58:04Z,723,Banding,Namp’o,,North Korea
ind-95018483-564,Gare,Tailour,1967-12-23T01:07:19Z,225,Crescent Oaks,Wŏnsan,,North Korea
ind-39459957-150,Talia,Boyes,1974-07-19T16:18:23Z,17,Colorado,Yŏnggwang-ŭp,,North Korea
ind-63362356-779,Pammy,Vince,1998-09-06T18:12:50Z,4,Dryden,Ayang-ni,,North Korea
ind-54131448-653,Henrietta,Peacop,1938-09-18T21:05:24Z,202,Buell,Anbyŏn-ŭp,,North Korea
ind-82744881-990,Patience,Yansons,1973-03-04T05:45:19Z,293,Wayridge,Ŭiju,,North Korea
ind-67976171-497,Mahmoud,Darling,1934-05-21T11:39:37Z,53011,Annamark,Songnim,,North Korea
ind-14652320-605,Babara,Carme,2004-05-20T02:07:41Z,6,Colorado,Anbyŏn-ŭp,,North Korea
ind-17179282-221,Richie,Dukes,1946-09-17T18:21:49Z,9633,Sundown,Ayang-ni,,North Korea
ind-86260099-514,Garald,Helks,1980-05-08T08:12:15Z,98,Buell,Hyesan-dong,,North Korea
ind-38883752-989,Stefa,Filppetti,1995-01-21T19:24:06Z,984,Buhler,Hŭngju-dong,,North Korea
ind-72540157-968,Guenevere,Hulland,1920-12-31T21:02:53Z,5,Northview,Sŭngho 1-tong,,North Korea
ind-51673782-199,Raimund,Bellard,1987-06-13T00:22:50Z,70759,Stuart,Sinmak,,North Korea
ind-86182152-728,Dallis,Elintune,1974-04-26T19:07:14Z,624,Sloan,Hyesan-si,,North Korea
ind-05146082-707,Mace,Standbridge,1987-05-08T06:01:27Z,27,Melrose,Anju,,North Korea
ind-22517342-921,Wilmette,Labro,2005-03-19T08:34:22Z,95,Logan,Hŭngnam,,North Korea
ind-26611614-185,Linus,Bartozzi,1925-10-10T08:28:04Z,4513,Erie,Kaesŏng,,North Korea
ind-38060634-721,Sauncho,Pond-Jones,1972-02-01T19:50:32Z,716,Debs,Hoeryŏng,,North Korea
ind-87566285-793,Harwilll,Huerta,1967-12-29T22:08:44Z,7,Lake View,Ŭiju,,North Korea
ind-01749466-725,Mitch,Jickles,1992-09-08T09:57:13Z,7,Bluejay,Kangdong-ŭp,,North Korea
ind-11906306-448,Rickie,Chrystie,1951-12-29T00:20:25Z,34,Larry,Nanam,,North Korea
ind-90284473-725,Guillaume,Rubrow,1953-08-31T14:09:36Z,325,1st,Yŏnggwang-ŭp,,North Korea
ind-40412778-454,Kayle,Samber,1993-03-11T03:30:02Z,4295,Loeprich,Sil-li,,North Korea
ind-46766900-448,Jane,Janout,1935-03-22T23:36:39Z,26696,Talisman,Ongjin,,North Korea
ind-70271967-383,Babbie,Endrici,1970-03-11T06:51:23Z,26,Quincy,Hŭngnam,,North Korea
ind-65758389-149,Zaccaria,Elflain,1921-11-05T07:15:34Z,266,Londonderry,Hoeyang,,North Korea
ind-70844808-739,Ara,Leathwood,1952-07-25T16:51:52Z,3,Dunning,Songnim,,North Korea
ind-57026883-039,Dyane,Sharville,1923-04-25T01:06:18Z,1475,Vernon,Sakchu-ŭp,,North Korea
ind-80779614-581,Carlina,Warnes,1981-08-20T01:20:01Z,12822,Sunnyside,Sunan,,North Korea
ind-13265298-591,Kerwinn,Casserly,1976-08-12T14:35:46Z,681,Bay,Ayang-ni,,North Korea
ind-05073565-273,Sandra,Mirando,1946-10-08T21:49:59Z,6,Dunning,Kosan,,North Korea
ind-56991961-611,Ophelie,Labdon,1999-01-28T13:21:12Z,3381,Forster,Kaesŏng,,North Korea
ind-13614841-752,Siouxie,Miguet,1954-02-10T04:39:04Z,4,Evergreen,Aoji-ri,,North Korea
ind-56898066-085,Philippe,McAulay,1945-10-17T18:52:18Z,58,Heath,Hoeyang,,North Korea
ind-94576929-586,Bob,Lait,1964-03-17T13:22:17Z,68,Butterfield,Hyesan-dong,,North Korea
ind-71623604-668,Ashely,MacGorman,1973-10-16T09:42:29Z,0,Susan,Hamhŭng,,North Korea
ind-92099292-977,Margarette,Murkus,1970-08-19T16:45:39Z,58,Transport,Haeju,,North Korea
ind-83951470-237,Helen,Garham,2003-12-21T21:19:26Z,0877,Buhler,Anbyŏn-ŭp,,North Korea
ind-34851117-188,Corabel,Grollmann,2002-07-30T00:15:05Z,96965,Welch,Hŭngnam,,North Korea
ind-52830822-451,Albie,German,1986-08-15T10:37:15Z,1,Maywood,Hoeyang,,North Korea
ind-02517278-559,Emmeline,Clarage,1966-05-14T20:09:35Z,361,Eggendart,Sil-li,,North Korea
ind-11118826-215,Kirk,Lantuffe,2002-09-27T16:24:15Z,0826,Prairieview,Yŏnan-ŭp,,North Korea
ind-78747622-397,Quent,Crambie,2007-05-26T01:06:08Z,2,Morrow,Chaeryŏng-ŭp,,North Korea
ind-28912598-885,Brendon,Iseton,2009-09-24T12:23:14Z,13430,Saint Paul,Yŏnan-ŭp,,North Korea
ind-22271943-153,Neilla,Checcucci,1974-01-21T17:30:06Z,79,Toban,Kapsan-ŭp,,North Korea
ind-17405364-145,Culley,Disbury,2009-11-23T03:33:14Z,1300,Utah,Hongwŏn,,North Korea
ind-00667289-747,Pennie,Kerr,1969-08-10T05:18:08Z,17,Myrtle,Aoji-ri,,North Korea
ind-37531930-932,Kathe,Foye,1929-10-26T01:32:10Z,454,Southridge,Hongwŏn,,North Korea
ind-84972905-155,Benetta,Shellard,1938-06-30T16:39:35Z,80,Kingsford,Changyŏn,,North Korea
ind-37984780-719,Keriann,Dimbylow,1927-04-12T03:11:24Z,00492,Cardinal,Songnim,,North Korea
ind-66320617-499,Fulvia,Quare,1945-01-10T16:20:58Z,63624,Talmadge,Kujang-ŭp,,North Korea
ind-91426095-273,Itch,Ryles,1934-10-21T00:23:24Z,98937,Westerfield,Hyesan-dong,,North Korea
ind-49730136-872,Sib,Rennie,2005-01-19T10:04:28Z,8,North,Kangdong-ŭp,,North Korea
ind-83677952-898,Conny,Aloigi,1974-02-10T23:55:10Z,3,Roxbury,Hŭngnam,,North Korea
ind-89423410-261,Moise,Lamkin,1942-07-22T14:24:17Z,1,Towne,Changyŏn,,North Korea
ind-16867538-574,Ringo,Vinnicombe,1932-03-29T00:29:10Z,420,Mallory,Kilju,,North Korea
ind-10318140-178,Lemar,Enion,1932-02-06T13:21:16Z,781,Old Shore,Kapsan-ŭp,,North Korea
ind-63765458-503,Stearn,Seagrave,1980-11-29T18:56:44Z,58,Petterle,Onsŏng,,North Korea
ind-18201211-326,Rosa,Goody,1960-05-18T07:26:06Z,688,Longview,Kyŏngsŏng,,North Korea
ind-93885534-694,Mommy,Oppie,1927-07-03T01:32:10Z,82,Melvin,Sŏnbong,,North Korea
ind-19395187-290,Jacquelin,Corness,1996-03-28T17:56:42Z,4327,Green,Hŭngju-dong,,North Korea
ind-59733107-744,Kore,Inglish,1925-11-26T03:19:02Z,2,Badeau,Kaesŏng,,North Korea
ind-92537366-728,Nananne,Moylan,1944-11-01T06:52:59Z,68584,Dryden,Samho-rodongjagu,,North Korea
ind-69142575-976,Lisbeth,Easun,1945-01-09T05:29:08Z,12387,Lakeland,Yŏnggwang-ŭp,,North Korea
ind-88483337-220,Darryl,Steet,1963-09-19T10:08:49Z,22905,Dorton,Chongjin,,North Korea
ind-83286278-835,Aurora,Cockayne,2002-08-29T01:43:01Z,0,Redwing,Musan-ŭp,,North Korea
ind-73820703-488,Aime,Gofton,1991-09-24T09:14:53Z,1484,Mockingbird,T’ongch’ŏn-ŭp,,North Korea
ind-08346337-643,Vivi,Norssister,1976-07-10T15:15:11Z,2026,Red Cloud,Hamhŭng,,North Korea
ind-29294417-701,Trumann,Sitlinton,1947-08-16T18:50:52Z,671,Kropf,Hyesan-dong,,North Korea
ind-31430396-537,Shari,Easterfield,1985-11-19T18:22:40Z,98478,Buhler,Aoji-ri,,North Korea
ind-31333578-039,Rutledge,Fouracre,1987-09-07T02:01:17Z,7,Drewry,Kimch’aek-si,,North Korea
ind-37288135-953,Ximenes,Malacrida,1987-12-25T22:50:29Z,4469,Dayton,Kusŏng,,North Korea
ind-02714567-586,Tarah,Fippe,1960-02-18T19:24:29Z,563,Blackbird,Hyesan-si,,North Korea
ind-48078630-846,Jaimie,Chalfont,1932-01-06T14:07:46Z,68,Monica,Sŭngho 1-tong,,North Korea
ind-65727318-391,Bobby,Vosse,1978-12-18T10:37:58Z,7,Morningstar,T’ongch’ŏn-ŭp,,North Korea
ind-72783299-038,Marylinda,Perdue,1997-12-13T08:06:58Z,50560,Charing Cross,Aoji-ri,,North Korea
ind-77487932-769,Adelheid,Stoggles,2008-12-16T01:22:51Z,264,Superior,Musan-ŭp,,North Korea
ind-67332895-233,King,Ivakin,2005-07-05T15:12:13Z,32878,Fieldstone,Kapsan-ŭp,,North Korea
ind-65485782-830,Tulley,Kennealy,1933-11-10T14:03:05Z,9250,Nancy,Hyesan-dong,,North Korea
ind-64723059-025,Suzette,Limon,1992-09-18T18:55:27Z,8080,Elgar,Aoji-ri,,North Korea
ind-80277642-834,Sophie,Schroeder,1936-06-25T12:56:54Z,56217,Old Shore,Wŏnsan,,North Korea
ind-74660089-408,Doretta,Sitford,1972-08-18T07:02:44Z,28901,Mallory,Kosan,,North Korea
ind-80539732-977,Giovanni,Henstridge,1937-10-21T05:09:58Z,2402,Towne,Nanam,,North Korea
ind-26600598-354,Vivia,Arenson,1923-02-16T12:14:33Z,81607,Straubel,Iwŏn-ŭp,,North Korea
ind-88799957-753,Yard,Vinden,1920-09-10T19:30:09Z,43,Magdeline,Iwŏn-ŭp,,North Korea
ind-52981718-932,Milly,Kindread,1994-05-29T21:31:37Z,6,Veith,Ongjin,,North Korea
ind-24192926-502,Jacinthe,Huckster,1949-10-03T01:01:18Z,5738,Laurel,Kapsan-ŭp,,North Korea
ind-91670448-410,Alonso,Fidgett,1923-09-07T04:52:07Z,53,Nancy,Chunghwa,,North Korea
ind-53471719-916,Barbara,Panner,1968-07-14T08:19:58Z,3800,3rd,Chongjin,,North Korea
ind-28337660-990,Timothee,Potts,1962-05-15T21:02:15Z,4308,Ryan,Sinŭiju,,North Korea
ind-68104594-782,Berkly,Di Nisco,1980-07-01T07:55:33Z,3,Arkansas,Songnim,,North Korea
ind-72420989-478,Timothee,Grigsby,1927-12-10T05:48:56Z,65,Sommers,Hyesan-dong,,North Korea
ind-91380118-854,Janek,Axtens,1947-11-24T12:11:10Z,22890,Fairview,Kangdong-ŭp,,North Korea
ind-04906183-257,Marquita,Rouby,1946-10-25T20:40:16Z,4005,Laurel,Najin,,North Korea
ind-77532295-838,Reginald,Kielty,1926-01-30T15:14:50Z,96,Orin,Sil-li,,North Korea
ind-52135425-485,Nisse,Ferrie,1955-06-04T06:17:18Z,0,Lakewood Gardens,Changyŏn,,North Korea
ind-26284192-850,Phedra,Wellstead,1992-06-11T16:13:57Z,72949,Maple Wood,Namyang-dong,,North Korea
ind-15728159-852,Alyss,Kingscote,1928-09-14T18:02:12Z,03905,Tomscot,Kaesŏng,,North Korea
ind-17561629-460,Boyd,Dirr,1981-03-04T03:16:49Z,02157,Northwestern,Sariwŏn,,North Korea
ind-86459809-989,Brennen,Caress,1982-07-24T10:31:59Z,11,2nd,Sunan,,North Korea
ind-16740491-595,Kippy,Longson,1926-07-10T17:18:48Z,9771,Trailsway,Sunan,,North Korea
ind-42692748-497,Marya,Gourley,2002-01-01T07:55:05Z,7,Cardinal,Ŭiju,,North Korea
ind-37204364-874,Alyosha,Gower,1934-04-12T13:02:00Z,82504,Bultman,Yuktae-dong,,North Korea
ind-00771599-804,Rube,Dwane,1926-07-02T14:47:10Z,7656,Cambridge,Hoeryŏng,,North Korea
ind-26973755-632,Quincy,Croad,1953-06-14T08:09:03Z,08,Memorial,Hwangju-ŭp,,North Korea
ind-62472699-610,Dorelle,Tovey,1970-11-21T22:41:41Z,13,Crest Line,Hyesan-si,,North Korea
ind-53295860-539,Marice,Bahls,1975-07-04T06:02:19Z,7316,Prairieview,Sŭngho 1-tong,,North Korea
ind-19986689-492,Chilton,Wright,1984-10-28T01:54:25Z,6,Waubesa,Musan-ŭp,,North Korea
ind-11655722-441,Madelena,Sirrell,1955-04-27T06:41:50Z,39936,Northfield,Hongwŏn,,North Korea
ind-34198343-710,Justis,Eckart,2004-05-12T16:45:55Z,70,Loomis,Kangdong-ŭp,,North Korea
ind-33182739-972,Galven,Liffe,1978-01-04T13:46:50Z,3277,Waywood,Hyesan-si,,North Korea
ind-11175157-629,Binnie,Clapham,1977-02-23T11:24:58Z,6336,Westerfield,Yŏnggwang-ŭp,,North Korea
ind-52088456-076,Morganica,Rizzardo,1938-07-08T13:21:04Z,790,Cordelia,Hoeyang,,North Korea
ind-12694255-287,Hilliary,Durie,1932-04-10T11:57:57Z,14,Donald,Hŭkkyo-ri,,North Korea
ind-51751158-695,Olivette,Deguara,2002-11-16T23:36:58Z,6119,Dunning,Aoji-ri,,North Korea
ind-46679493-128,Maurits,McGurgan,1938-09-04T02:27:25Z,36606,Warner,Hwangju-ŭp,,North Korea
ind-09524211-830,Sarene,Danniel,2008-10-01T16:48:05Z,412,Amoth,Kusŏng,,North Korea
ind-42333390-267,Graeme,Rey,1980-07-15T18:40:23Z,6933,Troy,Onsŏng,,North Korea
ind-05842754-550,Annaliese,Drake,2001-04-11T03:52:59Z,45807,Carey,Hyesan-dong,,North Korea
ind-14418917-988,Gabbi,Boylan,1985-01-13T19:50:50Z,41,Hayes,Wŏnsan,,North Korea
ind-65205340-808,Janot,Scurrell,1998-12-25T00:41:15Z,0,Eastlawn,Pyongyang,,North Korea
ind-74050750-329,Wye,Pedrielli,1951-10-31T20:53:08Z,0,Emmet,Wŏnsan,,North Korea
ind-68435209-059,Barrie,Tootell,1947-11-06T10:01:29Z,5401,Kenwood,Kowŏn-ŭp,,North Korea
ind-29778096-373,Marja,Muress,1995-08-03T16:19:42Z,90,Clemons,Namp’o,,North Korea
ind-50438611-609,Johan,Tredinnick,1976-02-05T06:52:40Z,074,Center,Hŭngnam,,North Korea
ind-03454295-523,Malissia,Baumert,1958-03-22T10:04:27Z,3,Calypso,Kusŏng,,North Korea
ind-30257696-674,Cristian,Tapply,1946-02-21T22:12:22Z,5,Stoughton,Hyesan-dong,,North Korea
ind-83119308-378,Isidora,Arnaut,1997-11-02T19:06:17Z,3741,Corscot,Yŏnan-ŭp,,North Korea
ind-10766296-065,Lee,Pinkstone,1983-05-28T08:38:00Z,6846,Straubel,Kanggye-si,,North Korea
ind-86131516-608,Lorenza,Fuente,1972-07-05T18:26:57Z,79212,Northland,Nanam,,North Korea
ind-96708159-660,Austen,Aronstam,1988-04-07T10:31:33Z,125,Morning,Namyang-dong,,North Korea
ind-76486119-147,Ellswerth,Trineman,1941-09-28T15:31:37Z,9324,Sunnyside,Namyang-dong,,North Korea
ind-57171771-562,Latisha,Saltsberg,1967-05-27T08:32:55Z,215,Lake View,Kapsan-ŭp,,North Korea
ind-55156394-750,Frants,Olczak,1957-11-26T17:26:53Z,594,Messerschmidt,Chasŏng,,North Korea
ind-28982813-866,Jessee,Gauson,1997-01-24T14:53:36Z,86,Valley Edge,Kaesŏng,,North Korea
ind-00846494-637,Baxy,O'Henecan,2002-08-22T10:44:07Z,5019,Summerview,Hwangju-ŭp,,North Korea
ind-12235559-584,Ivonne,Lygoe,1953-01-17T10:13:49Z,22,High Crossing,Sunan,,North Korea
ind-13488245-479,Sandro,Pardal,1933-10-18T13:47:23Z,39483,Ridgeway,Sŏnbong,,North Korea
ind-56710352-877,Gustavo,Farnin,1990-06-18T23:05:33Z,0260,Quincy,Kapsan-ŭp,,North Korea
ind-58847031-236,Vyky,Willisch,1924-07-30T23:51:19Z,7,Duke,Sunan,,North Korea
ind-02581533-937,Torre,Siddle,1957-10-01T19:20:48Z,138,Main,Hŭngju-dong,,North Korea
ind-77218810-716,Mattie,Ryley,1951-08-23T05:09:27Z,57078,Victoria,Hŭngju-dong,,North Korea
ind-02244605-611,Prissie,Guittet,1989-03-28T18:39:43Z,5150,Talmadge,Chunghwa,,North Korea
ind-27745751-442,Carly,Jozwik,1973-04-26T17:33:56Z,7962,Dottie,Sil-li,,North Korea
ind-46764242-526,Alta,Yewdall,1988-03-28T16:50:14Z,5,Milwaukee,Kilju,,North Korea
ind-39611559-717,Eolanda,Chappell,1987-09-03T17:27:16Z,983,Prentice,Sunan,,North Korea
ind-06321904-786,Stormi,Mayberry,1955-05-10T07:27:46Z,48,Tennessee,Wŏnsan,,North Korea
ind-12859567-941,Phillis,Kohen,1993-10-05T12:56:44Z,5088,Gina,Hyesan-si,,North Korea
ind-68087736-598,Leupold,Ciccotto,2005-02-10T19:13:44Z,2701,Pond,Kyŏngsŏng,,North Korea
ind-97068032-977,Ranee,Perllman,1960-06-16T16:48:01Z,6,Algoma,Sŏnbong,,North Korea
ind-85851559-891,Cherilyn,Merricks,1982-01-11T00:13:11Z,53,Weeping Birch,Kilju,,North Korea
ind-47128737-779,Carlos,Furst,1979-07-02T02:57:59Z,9060,Crowley,Sinmak,,North Korea
ind-47939360-348,Phip,Pyffe,1932-02-15T12:48:10Z,3,Algoma,Hyesan-dong,,North Korea
ind-63315788-532,Udall,Pentecost,1942-08-02T20:50:26Z,8,Elka,Hamhŭng,,North Korea
ind-06167521-755,Buck,Beedom,1947-12-30T11:13:07Z,8,8th,Sinmak,,North Korea
ind-40309444-154,Madelle,Herche,1994-08-02T10:20:27Z,24,3rd,Hwangju-ŭp,,North Korea
ind-62772143-953,Marcellus,Saywell,1939-09-14T04:38:49Z,2,Drewry,Kilju,,North Korea
ind-25826580-391,Lefty,Duigenan,1957-09-04T05:08:59Z,5,Goodland,Onsŏng,,North Korea
ind-00795071-418,Zsa zsa,Habbeshaw,1926-09-07T01:33:23Z,6,Summit,Sinmak,,North Korea
ind-89303716-101,Archibold,Locket,1988-03-10T07:21:04Z,249,Main,Sinŭiju,,North Korea
ind-99862169-772,Pearla,Fetherstan,1925-09-10T03:04:42Z,5564,Jana,Sinanju,,North Korea
ind-14587510-347,Michelina,Van Dalen,1994-01-08T08:40:29Z,155,Mesta,Aoji-ri,,North Korea
ind-35856890-391,Blinni,Terron,1963-10-07T02:19:24Z,83,Steensland,Yŏnggwang-ŭp,,North Korea
ind-63974808-100,Giffie,Josephsen,2001-10-29T21:15:52Z,035,Maryland,Kilju,,North Korea
ind-83203960-876,Luisa,Eyden,1930-11-06T11:32:28Z,9,New Castle,Anbyŏn-ŭp,,North Korea
ind-00863143-694,Brittni,Boam,1994-05-29T19:54:24Z,3953,Corben,Yŏnggwang-ŭp,,North Korea
ind-64659323-045,Cheri,Munton,1953-10-06T01:18:17Z,46190,Cascade,Najin,,North Korea
ind-21955636-971,Heda,McLoney,1974-11-25T21:11:03Z,61,Ruskin,Chunghwa,,North Korea
ind-86983700-119,Willi,Keal,1973-01-27T22:03:40Z,080,Meadow Valley,Kilju,,North Korea
ind-17255867-076,Otis,See,1921-05-09T10:56:20Z,5,Hanson,Sil-li,,North Korea
ind-65611755-298,Ariel,Polk,1991-09-19T18:48:05Z,8,Jackson,Sinmak,,North Korea
ind-05661187-366,Gustaf,Sirey,1925-10-14T17:12:31Z,6206,Parkside,Kowŏn-ŭp,,North Korea
ind-66842404-709,Toby,Tarrant,1939-03-21T04:37:21Z,59,Dexter,Kaesŏng,,North Korea
ind-97998050-869,Gare,Cannam,1945-05-08T17:30:38Z,74,Lakewood Gardens,Sinmak,,North Korea
ind-65489645-574,Michaela,Olczak,1993-11-04T08:56:46Z,19055,Merry,Chunghwa,,North Korea
ind-18514337-186,Shamus,Ockwell,1974-06-28T14:31:31Z,482,Vidon,P’yŏngsŏng,,North Korea
ind-22514789-972,Avivah,Annice,1978-11-18T21:33:01Z,50098,2nd,Kilju,,North Korea
ind-12018596-823,Rutter,Concannon,1935-07-29T22:17:07Z,96912,Sunnyside,Hamhŭng,,North Korea
ind-85047919-748,Phil,Mushawe,2003-04-30T04:57:25Z,29751,1st,Hyesan-si,,North Korea
ind-95363085-512,Clovis,Yearby,1933-11-15T05:08:44Z,152,Armistice,Chongjin,,North Korea
ind-11898534-959,Beatrice,Colbourn,1937-06-17T02:25:24Z,7074,Barby,Kosan,,North Korea
ind-10533049-207,Allina,Sparshatt,1985-08-02T02:56:16Z,22192,Valley Edge,Chongjin,,North Korea
ind-10837781-133,Rosco,Reast,1956-04-28T07:51:36Z,81390,Monterey,Kanggye-si,,North Korea
ind-76180582-305,Cybill,McCutheon,1975-11-01T16:37:24Z,5,Prairie Rose,Chongjin,,North Korea
ind-30515529-684,Esme,Cuss,1975-03-06T17:02:20Z,4080,Lyons,Iwŏn-ŭp,,North Korea
ind-92670086-497,Lurline,Terbeek,1931-04-01T05:44:27Z,3226,Prairie Rose,Nanam,,North Korea
ind-69974760-980,Alex,Pickard,1936-07-18T06:19:42Z,43,Elgar,Hongwŏn,,North Korea
ind-39239674-481,Bari,Tomkiss,1944-06-12T03:44:49Z,9809,Twin Pines,Kangdong-ŭp,,North Korea
ind-66252291-885,Thatch,Sprason,2000-07-08T17:28:20Z,9988,Sommers,Kosan,,North Korea
ind-06842519-147,Wernher,Garthshore,2002-07-08T08:32:58Z,364,Del Mar,Hŭngju-dong,,North Korea
ind-86143455-366,Meggie,Matt,1959-04-07T04:26:54Z,0639,Merry,Yuktae-dong,,North Korea
ind-37624812-600,Tandie,Orpin,1955-07-13T18:28:01Z,71,Riverside,Sinmak,,North Korea
ind-38807381-395,Clare,Beak,2000-01-30T00:52:10Z,16151,Brown,Ayang-ni,,North Korea
ind-79877591-682,Dennie,Grist,1967-06-15T18:55:11Z,85,1st,Anak,,North Korea
ind-66606023-812,Holly,Margaret,1965-11-08T07:18:52Z,30,1st,Ongjin,,North Korea
ind-10869031-610,Almira,Wykes,1948-10-09T23:04:57Z,761,Sachtjen,Anju,,North Korea
ind-36536362-499,Margret,Munton,1980-11-23T22:53:59Z,49535,Moose,Hamhŭng,,North Korea
ind-66052432-344,Rycca,Frude,1993-02-20T15:10:56Z,293,Clemons,Kapsan-ŭp,,North Korea
ind-28820821-992,Karyn,Julyan,1937-06-28T05:49:51Z,2644,Sullivan,Hyesan-dong,,North Korea
ind-86854982-540,Abagail,Berecloth,1986-11-16T21:19:44Z,869,Ohio,Sil-li,,North Korea
ind-64228527-133,Gregory,Lanchbury,1977-06-07T23:12:48Z,2077,Golf,Chongjin,,North Korea
ind-65402402-137,Corabella,O'Gleasane,2008-06-07T17:50:25Z,58,Reindahl,Kapsan-ŭp,,North Korea
ind-41304960-337,Kizzee,Baldam,1951-06-01T21:26:11Z,8736,Division,Hoeryŏng,,North Korea
ind-68056316-794,Olly,MacDermid,1944-12-19T23:56:33Z,41782,Esker,Chunghwa,,North Korea
ind-84026219-041,Teresita,Lauderdale,1987-04-14T05:28:15Z,19,Northfield,Songnim,,North Korea
ind-65232879-260,Letta,Huriche,2002-04-13T17:40:13Z,05,Dixon,Hwangju-ŭp,,North Korea
ind-62383408-120,George,Hannant,1996-08-23T00:31:13Z,6,Eastwood,Haeju,,North Korea
ind-65622688-260,Reube,Milthorpe,1987-07-22T08:49:26Z,30141,Emmet,Kapsan-ŭp,,North Korea
ind-41799243-451,Zed,Vaggers,1933-04-29T03:27:56Z,7857,Bobwhite,Kyŏngsŏng,,North Korea
ind-84389623-806,Dion,Allsopp,1984-04-19T06:18:36Z,0550,Banding,Wŏnsan,,North Korea
ind-08553784-971,Isaak,Pardie,1976-01-05T01:14:43Z,3126,Dexter,Sunan,,North Korea
ind-68897059-486,Kesley,Frake,1945-04-14T02:19:50Z,839,Coleman,Hyesan-dong,,North Korea
ind-88504706-485,Tadeas,Didsbury,1961-11-22T20:48:35Z,24,Sugar,Kowŏn-ŭp,,North Korea
ind-38526557-823,Michaelina,Drei,1987-06-29T03:01:14Z,87,Colorado,Kujang-ŭp,,North Korea
ind-67272341-846,Cacilie,Chestnut,1957-08-01T17:30:43Z,23925,Harbort,Hŭkkyo-ri,,North Korea
ind-73769803-129,Baxy,Portugal,1998-10-25T11:48:51Z,1132,Laurel,Sŭngho 1-tong,,North Korea
ind-23141343-336,Foster,Jordin,2009-01-11T02:33:27Z,1751,Dayton,Songnim,,North Korea
ind-62617754-854,Waylin,Hiland,2009-04-23T14:53:33Z,0744,Glacier Hill,Samho-rodongjagu,,North Korea
ind-88927855-399,Kalil,Walsh,2000-07-04T07:03:57Z,7,Green Ridge,Samho-rodongjagu,,North Korea
ind-90438134-761,Odetta,Boydon,1954-06-18T18:59:11Z,514,Fieldstone,Yŏnan-ŭp,,North Korea
ind-36557693-136,Maximilian,Vaneev,1936-02-02T14:50:25Z,9938,Dennis,Kapsan-ŭp,,North Korea
ind-74118619-572,Maurine,Smedmore,1993-05-02T01:48:36Z,140,Parkside,Songnim,,North Korea
ind-53335115-019,Arlyn,Blaiklock,1926-09-13T17:12:30Z,6,Kedzie,Songnim,,North Korea
ind-41115017-795,Hetti,Duthie,1921-10-06T03:03:58Z,1,Westend,Yuktae-dong,,North Korea
ind-31626193-178,Morton,Iiannone,1982-12-02T16:52:37Z,767,Lukken,Najin,,North Korea
ind-68545645-378,Vinny,Cathro,1978-03-31T22:12:52Z,7,Bluestem,Namp’o,,North Korea
ind-77550456-521,Gabby,Couzens,1944-10-16T16:47:00Z,25,Logan,Hongwŏn,,North Korea
ind-63479172-289,Courtnay,Sarjant,1944-03-29T22:59:27Z,1,Clemons,Hyesan-si,,North Korea
ind-66514137-997,Coleman,Crosher,1996-01-04T16:27:04Z,7,Melby,Yŏnggwang-ŭp,,North Korea
ind-25752101-148,Randie,Grayley,1936-03-08T14:39:41Z,090,Lotheville,Chasŏng,,North Korea
ind-40302610-402,Judon,Davidai,1950-07-19T03:01:34Z,84566,Jana,Kilju,,North Korea
ind-99711093-264,Ario,Grier,1923-11-30T17:49:22Z,339,Mccormick,P’yŏngsŏng,,North Korea
ind-62765320-097,Boone,Dainty,1984-12-09T15:20:21Z,80,Rigney,Sakchu-ŭp,,North Korea
ind-26432490-797,Jodee,Bunce,1992-03-26T22:00:54Z,454,Ludington,Sŭngho 1-tong,,North Korea
ind-31831065-890,Rayner,Wegener,1934-04-25T18:49:53Z,5,Commercial,Hyesan-dong,,North Korea
ind-99635619-047,Flory,Norheny,1958-12-28T01:58:09Z,15912,Carberry,Najin,,North Korea
ind-33445383-350,Ollie,Di Nisco,1996-08-29T08:21:50Z,2,Fair Oaks,Hyesan-si,,North Korea
ind-89293818-922,Rourke,Scrowson,1958-06-15T04:12:59Z,07261,Butternut,Hoeyang,,North Korea
ind-21272262-900,Gates,Hurry,1980-07-01T00:26:13Z,09,Fairfield,Hoeyang,,North Korea
ind-28716842-994,Jade,Pollastrone,1996-07-13T23:58:08Z,92945,Village,Aoji-ri,,North Korea
ind-53155403-873,Garvin,Silverton,1995-10-10T09:21:48Z,3726,Maryland,Chongjin,,North Korea
ind-39910472-430,Maddy,Vlasov,1921-12-12T12:27:36Z,8,Lerdahl,Ayang-ni,,North Korea
ind-74658166-623,Adriane,Gabbott,1983-10-03T13:28:22Z,65,International,Kusŏng,,North Korea
ind-09064776-264,Adan,Sor,2003-07-19T23:36:33Z,76,Hanover,Chongjin,,North Korea
ind-56867545-597,Juanita,Simo,2008-02-23T09:56:46Z,1507,Lerdahl,Namp’o,,North Korea
ind-44114446-973,Kermie,Baillie,1948-08-21T06:07:34Z,54409,Butternut,Kapsan-ŭp,,North Korea
ind-20579425-387,Cynthie,Karp,1934-06-04T06:23:45Z,13,Brentwood,Hyesan-dong,,North Korea
ind-07443639-599,Glenn,Pemble,1955-10-18T10:18:11Z,85,Dexter,Anju,,North Korea
ind-55363758-669,Charyl,Mattheissen,1999-08-08T22:29:26Z,7825,Division,Nanam,,North Korea
ind-78259475-050,Jennine,Mosby,1938-12-21T22:44:23Z,74816,Merchant,Haeju,,North Korea
ind-92904949-708,Sosanna,Genny,1994-03-18T12:56:28Z,3979,Hollow Ridge,Wŏnsan,,North Korea
ind-40565151-828,Gradey,Caldaro,2004-11-21T14:01:43Z,1391,Corry,Chasŏng,,North Korea
ind-88761437-000,Jacquetta,Beauvais,1975-09-13T22:22:48Z,45,Karstens,Ŭiju,,North Korea
ind-83477866-373,Inglebert,Gregori,1974-08-23T13:03:54Z,228,Swallow,Hŭkkyo-ri,,North Korea
ind-07518883-969,Aurelea,Radleigh,1992-08-10T15:52:06Z,80149,Morningstar,Sŭngho 1-tong,,North Korea
ind-35283788-694,Elset,Bourthouloume,2004-04-24T07:57:28Z,9020,Jay,Anbyŏn-ŭp,,North Korea
ind-02235894-191,Catina,Giovanazzi,1985-08-05T02:28:46Z,19169,Monterey,Kanggye-si,,North Korea
ind-62616380-444,Alexis,Christophers,1934-06-02T22:05:07Z,303,Anniversary,Yŏnggwang-ŭp,,North Korea
ind-41607673-794,Gisela,O'Kennedy,1955-04-11T18:33:24Z,49,Barby,Hyesan-si,,North Korea
ind-29937923-341,Mommy,Dello,1961-10-07T16:07:38Z,7336,Farragut,Anbyŏn-ŭp,,North Korea
ind-24260835-365,Maryanna,Lavrick,1933-09-23T06:48:29Z,689,Schmedeman,Sinŭiju,,North Korea
ind-48233732-252,Valerie,Tukesby,1925-02-20T12:52:59Z,2263,Iowa,Haeju,,North Korea
ind-97107501-240,Janeen,Baniard,1992-10-17T20:19:31Z,998,Clyde Gallagher,Anju,,North Korea
ind-27884512-396,Britt,Giovanni,1962-01-10T13:08:33Z,7,Melby,Kowŏn-ŭp,,North Korea
ind-16544097-127,Jaquenetta,Kohen,1973-02-06T15:52:41Z,48,Iowa,Hoeyang,,North Korea
ind-95790746-362,Torie,Cockman,1957-12-05T06:22:32Z,00406,Jenifer,Chongjin,,North Korea
ind-38338181-734,Linnea,Letrange,1932-05-07T08:27:27Z,148,Clemons,Yuktae-dong,,North Korea
ind-19627285-978,Robin,Scase,1968-03-02T10:13:55Z,0091,4th,Namp’o,,North Korea
ind-99979239-046,Royal,Eusden,1982-12-23T17:03:43Z,818,Heffernan,Chaeryŏng-ŭp,,North Korea
ind-07471824-294,Isak,Vedeshkin,1959-11-22T03:05:15Z,68356,Troy,Hyesan-si,,North Korea
ind-69112530-395,Ebenezer,Solomon,1958-07-29T20:27:22Z,990,Summerview,Kujang-ŭp,,North Korea
ind-85109511-537,Maurita,Goggey,1945-06-08T12:31:08Z,158,Glendale,Sakchu-ŭp,,North Korea
ind-66092717-029,Benedick,Wyd,1984-05-07T10:43:01Z,95,Prentice,Yuktae-dong,,North Korea
ind-28393549-939,Sheppard,Benting,1977-09-08T19:08:33Z,219,Kropf,Sinanju,,North Korea
ind-57946716-234,Roda,Blagbrough,1947-12-29T19:20:30Z,936,Dakota,Chunghwa,,North Korea
ind-44793904-499,Mellicent,Hanster,1945-10-17T05:12:57Z,0989,Dawn,Pyongyang,,North Korea
ind-25936523-609,Anstice,Bywater,1986-12-20T06:30:14Z,207,Coolidge,Samho-rodongjagu,,North Korea
ind-53208408-456,Willamina,Crepin,1937-01-11T03:46:44Z,0,John Wall,Kujang-ŭp,,North Korea
ind-81149821-684,Bird,Fearnside,2002-08-19T09:46:00Z,96,Vera,Najin,,North Korea
ind-98543005-261,Vinita,Pilsbury,2004-01-06T09:44:55Z,1925,Gateway,Sinmak,,North Korea
ind-14848059-428,Borden,Cheverton,1933-04-03T07:53:00Z,85,Carey,Kapsan-ŭp,,North Korea
ind-66804416-940,Jennie,Soaper,1980-02-13T10:51:11Z,5,Reinke,Hamhŭng,,North Korea
ind-04505701-489,Kellie,McGow,1961-01-26T13:43:31Z,96,Hauk,Sakchu-ŭp,,North Korea
ind-72297763-345,Freddy,Extence,1995-10-03T01:27:53Z,85809,Oakridge,Hŭkkyo-ri,,North Korea
ind-17425224-494,Ivonne,Cason,1995-09-27T15:24:59Z,2017,Sunnyside,Ayang-ni,,North Korea
ind-59811578-636,Kyle,Rouse,1980-09-09T01:09:49Z,3,Judy,Sŭngho 1-tong,,North Korea
ind-28893238-756,Marius,Hirtz,1921-12-18T06:33:49Z,94703,Warrior,Onsŏng,,North Korea
ind-46119743-246,Doralia,Cady,1973-10-29T09:47:57Z,43264,Charing Cross,Kilju,,North Korea
ind-62388579-925,Bobbe,Gammett,1959-11-28T20:19:01Z,812,Aberg,Kapsan-ŭp,,North Korea
ind-76952105-144,Richmond,Veness,1927-05-05T03:40:48Z,1,Old Shore,Pyongyang,,North Korea
ind-10329713-427,Hyacintha,Avey,2006-06-11T04:14:56Z,21990,8th,Chasŏng,,North Korea
ind-55495838-668,Marchall,Bullick,1975-03-31T10:57:14Z,6,Carioca,Musan-ŭp,,North Korea
ind-06061380-827,Sibby,Baynom,1920-10-08T18:30:11Z,97,Graceland,T’ongch’ŏn-ŭp,,North Korea
ind-35955149-355,Moore,Bowbrick,1924-08-04T04:03:32Z,583,Sauthoff,Namp’o,,North Korea
ind-93047258-254,Courtney,Murcott,1967-03-07T12:49:17Z,04165,Dexter,Songnim,,North Korea
ind-76836470-866,Cecilla,McBeth,1971-03-07T19:22:42Z,3871,Crest Line,Najin,,North Korea
ind-47652545-501,Delmore,Vibert,1922-04-26T11:15:49Z,9068,Burning Wood,Yŏnggwang-ŭp,,North Korea
ind-26494192-368,Gusta,Danilin,1958-07-12T05:27:03Z,353,Anderson,Sinmak,,North Korea
ind-87265767-646,Ferdy,MacKenney,1927-05-20T10:59:16Z,167,Bluestem,Sil-li,,North Korea
ind-48043312-971,Nedi,Castagna,1948-12-04T09:50:08Z,939,Twin Pines,Namyang-dong,,North Korea
ind-42845310-354,Valli,Anespie,2004-08-23T20:45:08Z,6425,7th,Yŏnan-ŭp,,North Korea
ind-92109822-114,Wilmette,Pulbrook,1934-06-01T21:29:43Z,4382,Schurz,Kapsan-ŭp,,North Korea
ind-05703161-855,Guendolen,Richardsson,1928-05-23T14:56:26Z,89,Straubel,Hoeyang,,North Korea
ind-72024736-606,Jerrilee,Stockwell,1970-03-08T19:15:24Z,5342,Barnett,Hŭngju-dong,,North Korea
ind-54572322-193,Binky,Wressell,2002-09-03T01:24:09Z,9,Warner,Ayang-ni,,North Korea
ind-42326560-122,Channa,Bowkett,1968-05-04T01:14:19Z,23,Upham,Sinanju,,North Korea
ind-01702010-297,Lenna,Sicily,1957-10-29T13:17:56Z,564,Harbort,T’ongch’ŏn-ŭp,,North Korea
ind-17830635-759,Bram,Grene,1932-11-03T15:13:50Z,9,Holmberg,Sŭngho 1-tong,,North Korea
ind-92187518-063,Sherlocke,Ebi,1997-09-02T21:21:24Z,8477,Anthes,P’yŏngsŏng,,North Korea
ind-65664786-023,Purcell,Burney,1988-10-23T05:21:29Z,53,8th,Sinŭiju,,North Korea
ind-81581878-459,Kattie,Stanway,1988-12-16T23:20:08Z,43,Briar Crest,Namp’o,,North Korea
ind-80629319-648,Grange,Cassey,1926-06-04T04:53:19Z,36252,Tomscot,Hwangju-ŭp,,North Korea
ind-07749487-614,Sax,Rowbury,1966-07-25T15:03:49Z,342,Nancy,Hoeryŏng,,North Korea
ind-93255122-907,Pablo,Wyer,1992-08-20T01:20:34Z,6009,Chive,Anak,,North Korea
ind-82210335-053,Corilla,Tewkesbury,1947-10-02T14:06:31Z,5,Helena,Nanam,,North Korea
ind-33612744-596,Crichton,Groombridge,1956-04-19T05:12:16Z,7,Hoard,Kapsan-ŭp,,North Korea
ind-84443551-199,Kienan,Putson,1922-10-30T23:15:16Z,89237,Monterey,Aoji-ri,,North Korea
ind-21857425-984,Lonee,Bleckly,1959-10-21T17:31:46Z,4888,Mockingbird,Kimch’aek-si,,North Korea
ind-15559139-192,Zandra,Beekmann,1996-05-21T06:08:44Z,74,Mccormick,Sinŭiju,,North Korea
ind-97960835-563,Raina,Flacknoe,1989-02-13T18:16:47Z,325,Birchwood,Ŭiju,,North Korea
ind-81777791-007,Laurianne,Bramah,1991-10-19T04:36:30Z,25893,Elmside,Sunan,,North Korea
ind-78366842-992,Fredrika,Durban,1929-06-09T07:15:05Z,4,Utah,Namyang-dong,,North Korea
ind-85214301-910,Noby,Gladdin,1990-10-07T00:32:42Z,09717,Manufacturers,Namp’o,,North Korea
ind-49989121-185,Ker,Keneforde,1941-05-31T04:40:36Z,910,Northfield,Namp’o,,North Korea
ind-18719552-131,Lockwood,Craigheid,1964-02-16T00:13:32Z,51,Bluestem,Hyesan-dong,,North Korea
ind-46500945-708,Jennette,Brockington,1957-07-07T12:19:57Z,20,Mockingbird,Ŭiju,,North Korea
ind-73482443-713,Joella,Renney,1936-05-25T14:36:42Z,9,Sachtjen,Hamhŭng,,North Korea
ind-07098137-846,Chrisse,Tidbold,1948-09-22T15:54:23Z,94364,Twin Pines,Kyŏngsŏng,,North Korea
ind-93799261-774,Margot,Gaven,2006-11-20T21:33:51Z,4,Nevada,Samho-rodongjagu,,North Korea
ind-67296908-264,Rakel,Nazer,1967-05-31T16:02:43Z,5593,Pleasure,Hyesan-dong,,North Korea
ind-05706526-194,Sanderson,Laming,1972-10-08T20:47:33Z,36283,Novick,Iwŏn-ŭp,,North Korea
ind-57961095-520,Fern,Coupar,1928-02-08T18:30:07Z,20,Menomonie,T’ongch’ŏn-ŭp,,North Korea
ind-41522901-676,Dorry,Pursehouse,1921-02-11T06:14:09Z,2,Bowman,Najin,,North Korea
ind-14903796-952,Darbie,Feasley,1968-12-26T11:19:33Z,5,Hanover,Haeju,,North Korea
ind-13529209-499,Haywood,Housaman,1963-06-18T03:49:21Z,41575,Fremont,Anak,,North Korea
ind-56699642-389,Robina,O'Donoghue,1978-11-15T01:35:40Z,11,Oxford,Hwangju-ŭp,,North Korea
ind-79600150-586,Laina,Kershow,1973-11-08T12:14:36Z,5566,Hanover,Kilju,,North Korea
ind-98245345-456,Torey,Woodhams,1926-06-03T23:48:00Z,16497,Cherokee,Yŏnan-ŭp,,North Korea
ind-91557904-838,Fredra,Hansie,1928-07-23T11:15:08Z,715,Springview,Sinanju,,North Korea
ind-05545861-423,Major,Cissen,1937-04-17T16:53:57Z,18261,Bartelt,Samho-rodongjagu,,North Korea
ind-39610042-701,Jordanna,Willets,1939-05-18T19:58:05Z,0350,Rigney,Kaesŏng,,North Korea
ind-27814484-076,Thoma,Campanelli,1944-08-29T07:29:47Z,998,Logan,Sinanju,,North Korea
ind-94452239-002,Mason,Sanzio,1927-12-18T11:54:56Z,50191,Atwood,Sŏnbong,,North Korea
ind-11021797-335,Garrek,Deetlefs,1946-07-10T11:29:04Z,1211,Park Meadow,Sil-li,,North Korea
ind-76256621-419,Herve,Piscotti,1980-01-26T16:26:50Z,2686,Moland,Kosan,,North Korea
ind-06636799-171,Ky,Vaugham,2001-12-12T21:30:33Z,15,Sunnyside,Kapsan-ŭp,,North Korea
ind-43050238-799,Ramsey,Bleaden,1939-03-24T15:44:07Z,85828,Emmet,Kowŏn-ŭp,,North Korea
ind-30258556-657,Irena,Gowan,1990-01-16T01:00:33Z,5599,Ohio,Namyang-dong,,North Korea
ind-70125246-929,Birgitta,Dog,1975-08-31T14:19:53Z,7462,Cambridge,Kaesŏng,,North Korea
ind-57586164-156,Pearline,Richichi,1985-12-18T04:12:00Z,6,Packers,Ŭiju,,North Korea
ind-96697417-630,Meriel,Privett,1978-11-14T17:47:32Z,8656,Oriole,Ŭiju,,North Korea
ind-32916065-956,Hynda,Manford,1980-09-09T12:49:48Z,82226,Tennyson,Yŏnggwang-ŭp,,North Korea
ind-70544332-591,Jeanine,Piddocke,1969-07-04T16:25:41Z,6,Mosinee,Yuktae-dong,,North Korea
ind-97182411-971,Fernande,Rickasse,1937-11-19T17:03:03Z,45,Lien,Kaesŏng,,North Korea
ind-85450423-765,Pete,Bartoszek,1976-12-26T11:53:29Z,8,Grayhawk,Hyesan-dong,,North Korea
ind-03406940-788,Danna,Scoular,1936-03-22T12:23:08Z,40794,Merrick,Kanggye-si,,North Korea
ind-51313816-639,Ellie,Menico,1994-04-02T21:33:48Z,16,Eastwood,Namyang-dong,,North Korea
ind-91524457-248,Jourdain,Newlands,2006-03-24T01:54:34Z,33,Colorado,Sinanju,,North Korea
ind-96641221-675,Leodora,Shenton,1992-10-20T03:56:26Z,744,Elgar,Yuktae-dong,,North Korea
ind-26303950-911,Alleyn,Bentley,1942-05-21T23:31:23Z,574,Aberg,Pyongyang,,North Korea
ind-20601819-592,Mayor,Quinevan,1981-07-08T10:04:53Z,47,Mesta,Anak,,North Korea
ind-92335248-480,Lissy,Ondrus,1943-04-28T08:48:32Z,9,Armistice,Chaeryŏng-ŭp,,North Korea
ind-36443513-723,Borg,Obern,1972-07-03T07:23:03Z,73,Lighthouse Bay,Yuktae-dong,,North Korea
ind-89219613-691,Temp,Podbury,1954-11-15T07:01:58Z,8358,Bartelt,Kanggye-si,,North Korea
ind-25378912-540,Erv,Durnell,1927-12-15T16:40:02Z,55493,Dwight,Hŭngju-dong,,North Korea
ind-54437907-442,Glenn,O'Shields,1961-12-06T09:28:55Z,26,Merry,Yŏnggwang-ŭp,,North Korea
ind-55018366-657,Odelia,McAlinion,1947-01-14T23:11:15Z,471,Northview,Kimch’aek-si,,North Korea
ind-32006423-173,Nanete,Le - Count,1925-03-04T20:39:30Z,8,Hoepker,Hoeryŏng,,North Korea
ind-96791885-786,Brooks,Bultitude,1936-11-23T21:39:28Z,4903,Pearson,Chŏngju,,North Korea
ind-50455282-992,Pascal,Coper,1991-12-08T04:38:23Z,0,Prairieview,Nanam,,North Korea
ind-74942968-404,Corie,Pringell,1975-10-22T16:54:38Z,048,Hauk,Hŭkkyo-ri,,North Korea
ind-24943041-460,Reube,Howorth,1961-08-06T14:50:12Z,841,Messerschmidt,P’yŏngsŏng,,North Korea
ind-30310936-459,Maxie,Pogson,1984-03-26T20:30:24Z,633,Luster,Hŭkkyo-ri,,North Korea
ind-05874738-412,Ansell,Winsper,1920-10-16T12:17:57Z,4,Weeping Birch,Chaeryŏng-ŭp,,North Korea
ind-49400247-997,Adelaida,Allmen,1961-11-19T13:18:12Z,605,Ridgeway,Hyesan-si,,North Korea
ind-57264460-027,Charissa,Domaschke,1995-03-20T10:09:50Z,86,Huxley,Kilju,,North Korea
ind-77800596-192,Elonore,Halladay,1993-03-20T23:45:00Z,3252,Golf Course,Kimch’aek-si,,North Korea
ind-56771292-993,Teodoro,Correa,1966-01-12T12:38:24Z,93,Talmadge,Aoji-ri,,North Korea
ind-71282339-852,Burk,Marrows,1930-01-29T01:21:25Z,0,Eastlawn,Kapsan-ŭp,,North Korea
ind-78573222-370,Bryn,Chillingworth,1986-12-12T12:52:28Z,7,Loftsgordon,Yuktae-dong,,North Korea
ind-93802152-863,Hildagarde,Mattiessen,1978-12-06T23:26:25Z,0388,Chive,Sinŭiju,,North Korea
ind-77758527-773,Joice,Bushaway,1991-11-24T09:55:43Z,1,Spohn,Ongjin,,North Korea
ind-78541905-529,Susi,Oldacres,1953-09-06T16:24:21Z,4699,Derek,Hoeyang,,North Korea
ind-66798165-066,Leonora,Swiggs,1921-06-24T23:46:06Z,1,Dunning,T’ongch’ŏn-ŭp,,North Korea
ind-86501524-578,Marin,Higounet,1963-06-03T03:01:48Z,0,Bonner,Kapsan-ŭp,,North Korea
ind-99409177-266,Jennette,Brundale,1972-03-04T06:54:07Z,7,Brentwood,Sinanju,,North Korea
ind-96647042-760,Issie,Fairlem,1928-01-30T18:07:59Z,76,Elmside,Najin,,North Korea
ind-04049257-071,Herbert,Megainey,1969-09-08T06:16:35Z,28412,6th,Hongwŏn,,North Korea
ind-77862227-977,Lanni,Iffland,1968-10-02T13:08:44Z,2,Melody,Chasŏng,,North Korea
ind-04695365-071,Frieda,Jockle,1989-09-28T07:34:23Z,8,Fulton,Kaesŏng,,North Korea
ind-73010047-141,Lazaro,Jewson,1997-06-18T22:40:31Z,1,Mallard,Sŏnbong,,North Korea
ind-96790832-933,Merrel,Portchmouth,1953-03-07T05:42:13Z,34,Fuller,Hyesan-dong,,North Korea
ind-87374350-030,Ernie,Farloe,1970-01-13T16:44:09Z,1008,Lakeland,Chunghwa,,North Korea
ind-03769655-330,Joseph,Cromack,1925-11-21T19:35:06Z,48382,Beilfuss,P’yŏngsŏng,,North Korea
ind-45960384-347,Rogers,Stiebler,1985-04-25T12:53:37Z,25915,Katie,Samho-rodongjagu,,North Korea
ind-71161258-086,Inge,Patria,1943-09-11T20:41:06Z,3374,Utah,Ayang-ni,,North Korea
ind-85137715-267,Padgett,Bickerton,1935-04-18T13:26:41Z,1,Dayton,Sinanju,,North Korea
ind-01696216-093,Isak,Flicker,1961-03-08T16:23:48Z,6,Kipling,Chunghwa,,North Korea
ind-31278956-385,Hilton,Altree,1929-12-21T23:38:14Z,09,Eliot,Kyŏngsŏng,,North Korea
ind-03351372-663,Jayme,Peris,1966-10-23T22:26:35Z,384,Eastwood,Kujang-ŭp,,North Korea
ind-13266940-179,Tomkin,McAllister,2007-10-27T15:27:59Z,689,Graedel,Kapsan-ŭp,,North Korea
ind-56197043-286,Elysia,Clemente,1921-12-03T14:48:52Z,4364,Leroy,Iwŏn-ŭp,,North Korea
ind-96896218-295,Sofia,Imloch,1932-03-16T07:00:34Z,7284,American Ash,Hoeryŏng,,North Korea
ind-63234119-910,Daisie,Greenhaugh,1983-11-13T03:46:16Z,8802,Oriole,Hŭngju-dong,,North Korea
ind-69637074-345,Kristofor,Excell,1984-02-20T08:17:41Z,25363,Kedzie,Musan-ŭp,,North Korea
ind-90814860-053,Travers,Sneden,1951-08-23T16:57:27Z,95,Melvin,Anbyŏn-ŭp,,North Korea
ind-30298751-600,Karolina,Humpherson,1929-06-22T02:17:37Z,1,Hoepker,Hŭngju-dong,,North Korea
ind-96863066-132,Fidela,O'Brollachain,1939-06-27T07:08:24Z,5,Oriole,Chunghwa,,North Korea
ind-35357816-520,Peyton,Jaquin,1947-04-13T03:57:40Z,0,Algoma,Ayang-ni,,North Korea
ind-27315959-479,Flo,Dunning,1920-02-27T07:01:04Z,481,Ryan,Haeju,,North Korea
ind-37814223-138,Taddeusz,Firmager,1921-07-24T23:17:09Z,4,Dryden,Kaesŏng,,North Korea
ind-40639782-334,Desdemona,Cattermoul,1956-06-03T03:06:05Z,0616,Prairie Rose,Yuktae-dong,,North Korea
ind-48835865-703,Faunie,Zealey,1975-06-19T01:28:51Z,8075,Waxwing,Hyesan-si,,North Korea
ind-16942396-630,Nowell,Westnage,2009-10-12T07:39:05Z,5,Cottonwood,Chaeryŏng-ŭp,,North Korea
ind-65769670-757,Edgard,Jagielski,1948-12-10T16:52:49Z,0,Drewry,Anak,,North Korea
ind-11215718-785,Dallon,Defries,1995-06-28T12:36:53Z,5,Commercial,Chunghwa,,North Korea
ind-95458865-344,Valaria,Kingswood,1942-07-07T22:19:36Z,70267,Riverside,Kusŏng,,North Korea
ind-82074347-191,Idaline,Licas,1954-10-20T21:03:13Z,0,Pennsylvania,Kusŏng,,North Korea
ind-03978493-982,Reinaldos,Poge,1998-08-25T08:58:18Z,835,Oxford,Chunghwa,,North Korea
ind-10864254-207,Cassandry,Cammell,1974-10-01T13:43:14Z,4,Pearson,Hŭngju-dong,,North Korea
ind-68769408-510,Daffie,Flott,2005-02-15T14:40:32Z,46,Briar Crest,Iwŏn-ŭp,,North Korea
ind-82639672-739,Griffy,Alker,2009-08-27T18:57:03Z,583,Lunder,Hoeryŏng,,North Korea
ind-79132610-825,Dody,Metrick,1978-03-19T14:11:04Z,84,John Wall,Sinmak,,North Korea
ind-31415221-589,Bellanca,Tarquinio,1924-12-13T09:05:18Z,7463,Sloan,Yŏnggwang-ŭp,,North Korea
ind-35971814-176,Amabelle,Dumpleton,1976-08-22T17:13:37Z,260,Cardinal,Chasŏng,,North Korea
ind-67077887-872,Grantham,Cordero,1936-04-07T21:46:47Z,37,South,Hyesan-dong,,North Korea
ind-61176355-105,Anders,Farmar,1950-01-30T09:07:30Z,727,Helena,Pyongyang,,North Korea
ind-54281150-257,Bartel,Saurat,1962-06-01T09:29:26Z,50,Stuart,Samho-rodongjagu,,North Korea
ind-00908898-575,Demetria,Cahill,1950-03-16T07:13:43Z,9,Vidon,Samho-rodongjagu,,North Korea
ind-34057215-730,Tommie,Eshmade,1990-02-05T12:15:57Z,6655,Arapahoe,Kosan,,North Korea
ind-29650810-610,Daron,Humby,1975-07-01T12:04:52Z,53142,Sachs,Anak,,North Korea
ind-29054989-591,Fannie,Simeoli,1929-09-13T07:02:00Z,84290,Sage,Pyongyang,,North Korea
ind-36941366-449,Karita,Petheridge,1990-01-26T18:39:00Z,1,Birchwood,Anju,,North Korea
ind-82402094-152,Gwyn,Tregoning,2000-11-12T10:56:57Z,950,American Ash,Ayang-ni,,North Korea
ind-36642554-068,Weidar,Balazs,1968-04-01T15:34:42Z,67,Straubel,Hyesan-dong,,North Korea
ind-24427709-716,Gena,Benoey,1930-09-11T05:24:20Z,70,Merchant,Chŏngju,,North Korea
ind-15210708-953,Friederike,Pell,1948-06-11T07:35:21Z,7,North,Kapsan-ŭp,,North Korea
ind-68615455-672,Karrah,Brearton,1951-07-29T03:06:34Z,50167,Eliot,Chunghwa,,North Korea
ind-13795432-133,Kimberlyn,Swaysland,1939-04-24T09:25:43Z,7,Burrows,Yŏnan-ŭp,,North Korea
ind-44630739-576,Pepe,Toy,1946-04-05T01:37:51Z,38465,Holy Cross,Sunan,,North Korea
ind-03039678-150,Sher,de Almeida,1925-05-10T03:10:50Z,00,Express,Musan-ŭp,,North Korea
ind-23840875-081,Bobbye,Marshfield,1923-02-21T01:05:47Z,34742,Vermont,Anak,,North Korea
ind-88986511-487,Finley,Jane,1934-01-12T15:54:15Z,7,Hermina,Kujang-ŭp,,North Korea
ind-28613886-302,Bail,Iggo,1943-05-31T16:30:04Z,126,Weeping Birch,Yŏnggwang-ŭp,,North Korea
ind-28648943-233,Pam,Alu,1992-02-17T03:05:15Z,09535,Forest Run,Iwŏn-ŭp,,North Korea
ind-06480541-984,Moreen,Paulson,1988-08-20T19:10:51Z,30,Haas,Hyesan-si,,North Korea
ind-97454517-485,Lina,Haggish,1978-07-21T11:18:42Z,62,Rusk,Changyŏn,,North Korea
ind-37177343-653,Andy,Sotham,1960-12-10T06:39:41Z,206,Bluejay,Kimch’aek-si,,North Korea
ind-14097069-240,Haleigh,Kennally,1939-02-27T09:04:02Z,32,Nova,Hyesan-dong,,North Korea
ind-24679612-844,Yvette,MacDearmont,1957-11-18T07:58:02Z,74170,Little Fleur,Anju,,North Korea
ind-69878011-747,Sandy,Shearme,1969-09-25T21:27:00Z,7828,Onsgard,Kimch’aek-si,,North Korea
ind-68345561-977,Blinni,Wabey,2006-06-27T08:31:59Z,01,Prairie Rose,Sŏnbong,,North Korea
ind-62233937-621,David,Leeson,1956-12-10T02:10:41Z,5,Spaight,Nanam,,North Korea
ind-63827038-479,Rooney,Dunford,1995-04-22T04:20:17Z,87,Shelley,Sil-li,,North Korea
ind-67817009-470,Karyn,Foxton,1934-10-07T14:15:58Z,92,Redwing,Chongjin,,North Korea
ind-72201890-582,Hew,Jimenez,1927-10-13T17:22:10Z,8270,Monica,Samho-rodongjagu,,North Korea
ind-06834794-713,Dietrich,Blaxlande,1958-11-07T19:27:24Z,5237,Utah,Sariwŏn,,North Korea
ind-61519870-631,Kati,Luscott,1935-02-09T17:45:51Z,60,Bonner,Hŭngnam,,North Korea
ind-66335361-934,Heida,Cromblehome,1991-09-14T14:51:15Z,19453,Toban,Changyŏn,,North Korea
ind-37745518-971,Myranda,Viles,1998-04-20T20:49:34Z,20,Morning,Yuktae-dong,,North Korea
ind-23635671-588,Bud,Minty,1934-04-08T21:15:05Z,7192,Talmadge,Wŏnsan,,North Korea
ind-32094500-507,Susann,Isgar,1987-12-23T08:29:03Z,0,Mallard,Aoji-ri,,North Korea
ind-73229153-920,Nial,Grabban,1999-04-19T09:45:16Z,0,Westridge,Anak,,North Korea
ind-53356582-150,Kale,Ebbin,1982-11-28T22:07:39Z,41103,Harbort,Yŏnan-ŭp,,North Korea
ind-02591928-196,Liz,Jakubovsky,1949-10-09T19:15:44Z,17948,Stuart,Chunghwa,,North Korea
ind-29578989-618,Kaitlyn,Lankford,1948-05-08T04:57:58Z,33037,Blackbird,Chongjin,,North Korea
ind-68411608-179,Alida,Peirson,1948-06-29T17:41:59Z,8,Lien,Songnim,,North Korea
ind-39313711-299,Kenyon,McAvaddy,1938-03-26T11:21:11Z,9861,Kedzie,Pyongyang,,North Korea
ind-56484123-074,Phil,Maddison,1937-01-17T04:45:35Z,34,Fisk,Chongjin,,North Korea
ind-11531673-928,Devi,Fergyson,1947-05-10T23:03:47Z,2,Linden,Anak,,North Korea
ind-64011915-320,Saba,Farey,1977-09-22T02:09:44Z,15744,Hoepker,Sariwŏn,,North Korea
ind-63603704-934,Etan,Pedron,1932-01-29T14:09:21Z,0568,Hooker,Yuktae-dong,,North Korea
ind-20795400-526,Herbie,de'-Ancy Willis,1946-03-27T09:26:57Z,59,Swallow,Hyesan-dong,,North Korea
ind-91933000-645,Ardella,Gillhespy,1941-09-01T14:28:13Z,942,Petterle,Kilju,,North Korea
ind-36613681-704,Delila,Edgeson,2002-07-04T10:14:24Z,6992,Park Meadow,Chongjin,,North Korea
ind-26108183-001,Iorgo,Wherry,1946-03-18T03:22:57Z,6897,Loeprich,Chasŏng,,North Korea
ind-77506144-978,Veronique,Shankster,1945-12-29T10:57:39Z,0800,Kropf,Kujang-ŭp,,North Korea
ind-29347083-037,Vaughn,Chellam,1949-09-30T01:59:05Z,12925,Acker,Kosan,,North Korea
ind-63876789-313,Clemmy,Sisey,1959-10-14T17:56:09Z,46450,Lakeland,Yŏnan-ŭp,,North Korea
ind-49175166-547,Ken,de Vaen,2007-12-18T11:23:27Z,4959,Nancy,Kanggye-si,,North Korea
ind-54087835-382,Wilmette,Vicary,1921-02-12T01:14:26Z,2082,Village Green,Kapsan-ŭp,,North Korea
ind-84083829-654,Aleta,Manass,1990-01-12T16:33:31Z,25463,7th,Sunan,,North Korea
ind-26389476-637,Jennine,Chapleo,1946-07-22T06:41:23Z,5,Buena Vista,Sinŭiju,,North Korea
ind-55102309-997,Rayshell,Leeman,1965-03-18T18:45:28Z,53,Arapahoe,Kaesŏng,,North Korea
ind-81542047-294,Laurel,Salzen,1935-02-02T10:46:44Z,5,Delladonna,Kyŏngsŏng,,North Korea
ind-62500111-601,Amandie,Stranieri,1980-12-20T07:28:49Z,987,Donald,Hyesan-si,,North Korea
ind-35847810-842,Cori,Quantrell,1955-01-02T09:20:37Z,4,School,Ongjin,,North Korea
ind-27437674-085,Janine,Enriquez,1921-01-24T02:54:33Z,202,Chive,Hoeyang,,North Korea
ind-66490978-131,Timofei,Magnus,2007-03-02T19:46:51Z,90783,Clove,Iwŏn-ŭp,,North Korea
ind-52831893-552,Cherianne,Soans,1954-05-01T13:40:28Z,02313,Hayes,Hongwŏn,,North Korea
ind-48894228-099,Aguistin,Mauger,1994-05-03T18:02:04Z,9504,Amoth,Hoeryŏng,,North Korea
ind-17164931-947,Barnebas,Adie,1993-10-27T14:08:03Z,60,Merchant,Sakchu-ŭp,,North Korea
ind-70073976-564,Zollie,Ovize,1999-08-15T12:57:08Z,80243,Nevada,Sariwŏn,,North Korea
ind-23218788-121,Gabriello,Arnault,1933-10-19T14:05:07Z,61297,Thackeray,Kosan,,North Korea
ind-34924560-100,Neilla,Kemball,1921-06-24T04:02:26Z,4941,Clove,Hyesan-dong,,North Korea
ind-30751114-119,Row,Lovemore,1975-01-23T17:35:28Z,840,Ramsey,Chongjin,,North Korea
ind-32314374-289,Neda,Ohanessian,2003-05-24T15:35:09Z,36249,Vermont,Hongwŏn,,North Korea
ind-80705082-877,Elianora,Gooddie,1986-06-30T20:56:42Z,5,Sundown,Chongjin,,North Korea
ind-21255167-300,Evy,Lanaway,1970-10-10T19:33:36Z,4,Michigan,Chaeryŏng-ŭp,,North Korea
ind-35124908-632,Kaela,Mertin,1967-06-20T11:51:38Z,96209,Brickson Park,Hŭngnam,,North Korea
ind-40497124-880,Sonni,Stillert,1947-08-08T07:50:20Z,68,Hudson,Kimch’aek-si,,North Korea
ind-83107637-367,Karina,Dealey,1952-06-09T03:53:53Z,374,West,Iwŏn-ŭp,,North Korea
ind-01218771-103,Ki,Cinelli,2009-10-17T13:15:45Z,166,Ridgeview,Samho-rodongjagu,,North Korea
ind-08305857-117,Kylynn,O'Downe,1979-07-08T20:20:43Z,4,Texas,Najin,,North Korea
ind-31805654-653,Cammy,Joseff,1926-08-22T15:51:36Z,9,Clove,Sariwŏn,,North Korea
ind-70582713-010,Filia,Goldes,1926-06-28T04:50:35Z,23552,Iowa,Onsŏng,,North Korea
ind-87840732-533,Aharon,Leyrroyd,2002-08-03T08:13:28Z,214,Lerdahl,Namyang-dong,,North Korea
ind-48591156-428,Saloma,Troup,1941-05-24T16:58:10Z,842,Lien,Kangdong-ŭp,,North Korea
ind-28735514-282,Homerus,Pyett,1986-12-30T06:26:29Z,87,Forster,Najin,,North Korea
ind-70821947-239,Elmer,Presser,1999-08-04T11:28:24Z,48418,Green,Sinŭiju,,North Korea
ind-98404401-044,Jory,Gladwish,1998-04-28T15:49:22Z,77,Morrow,Chongjin,,North Korea
ind-60147037-790,Janeta,Janaszewski,1969-08-01T05:18:52Z,08,Spenser,Yŏnggwang-ŭp,,North Korea
ind-90438901-212,Yolande,Barby,1960-09-06T14:40:16Z,307,Sundown,Kilju,,North Korea
ind-36019405-861,Drusilla,Tyrer,1965-11-06T01:59:08Z,5360,Coolidge,Anak,,North Korea
ind-42749260-707,Cirillo,Torresi,2004-10-02T17:03:23Z,51,Autumn Leaf,Chasŏng,,North Korea
ind-02234993-780,Laurette,McGillacoell,1929-01-13T01:04:38Z,02,Kropf,Kapsan-ŭp,,North Korea
ind-92719023-989,Sophey,Petcher,1960-01-01T01:41:36Z,290,Bay,Ŭiju,,North Korea
ind-34040562-934,Harriott,Mauditt,1960-08-28T00:23:35Z,33835,Lakewood Gardens,Yŏnggwang-ŭp,,North Korea
ind-56637865-490,Ransom,Chape,1996-11-27T11:10:57Z,882,Ridge Oak,Kowŏn-ŭp,,North Korea
ind-81253923-400,Keenan,Greenset,1948-09-20T19:49:49Z,251,Huxley,Aoji-ri,,North Korea
ind-19507171-216,Ellwood,Ilson,1986-12-28T04:34:29Z,38789,Fulton,Najin,,North Korea
ind-92639817-913,Karim,Rigolle,1976-10-20T13:28:56Z,70754,Northridge,P’yŏngsŏng,,North Korea
ind-19616640-929,Christina,Charlot,1954-04-18T20:24:49Z,76833,Mosinee,Hoeyang,,North Korea
ind-38516242-200,Arlena,Balogun,1956-08-01T19:42:10Z,8,Holmberg,Anak,,North Korea
ind-80540353-078,Eolanda,Gellert,2007-06-25T13:14:13Z,9,Pierstorff,Sŭngho 1-tong,,North Korea
ind-66898915-275,Elianora,Jako,2006-06-09T23:05:48Z,56,Randy,Kusŏng,,North Korea
ind-39705920-686,Edna,Mealham,1994-11-14T10:22:07Z,0,Hallows,Chongjin,,North Korea
ind-15334002-529,Hyacinthie,Bech,1966-11-23T11:46:32Z,3,Ruskin,Sunan,,North Korea
ind-36782977-686,Belva,Leitch,1956-01-18T15:08:47Z,52,Becker,Kyŏngsŏng,,North Korea
ind-82661524-932,Anthia,Berthod,2002-12-29T18:07:52Z,286,Mandrake,Kaesŏng,,North Korea
ind-56299426-236,Madison,Feirn,1923-02-14T23:52:06Z,60872,Oakridge,Anbyŏn-ŭp,,North Korea
ind-58605769-495,Jennica,Lindholm,1947-03-27T11:47:45Z,07,Dexter,Songnim,,North Korea
ind-25788534-618,Dalila,Talby,1926-11-21T05:03:44Z,887,Haas,Samho-rodongjagu,,North Korea
ind-55843347-423,Helen-elizabeth,Sybbe,2006-10-12T10:41:16Z,60,Kensington,Hwangju-ŭp,,North Korea
ind-36294693-218,Viv,Faill,1926-02-05T15:20:18Z,6,Everett,Hoeyang,,North Korea
ind-05219226-226,Dulsea,Oswal,2008-10-03T18:24:36Z,38433,Hoepker,Sunan,,North Korea
ind-36780075-460,Shirline,Ritter,1972-08-26T20:11:53Z,7,Fisk,Anak,,North Korea
ind-51246739-657,Den,Triggle,1991-02-07T08:44:10Z,46780,Maywood,Kaesŏng,,North Korea
ind-00038231-801,Hephzibah,Pendrid,1970-10-28T17:21:12Z,1999,Rowland,Ŭiju,,North Korea
ind-14354931-023,Obie,Blanc,1933-02-12T13:27:55Z,3,Ruskin,Chasŏng,,North Korea
ind-99385955-138,Otis,Millis,1959-01-15T15:02:11Z,7617,Lighthouse Bay,Hyesan-si,,North Korea
ind-29119155-772,Camala,Kubyszek,1987-07-01T04:00:21Z,9,Kedzie,Kimch’aek-si,,North Korea
ind-42853324-765,Wilhelmine,Challoner,1969-03-26T05:32:07Z,28,Thackeray,Hwangju-ŭp,,North Korea
ind-31761492-495,Saunder,McGavin,1997-10-10T03:27:09Z,609,Hooker,Kimch’aek-si,,North Korea
ind-98287653-478,Hollyanne,Scurrer,1954-01-25T05:33:11Z,04,Thompson,Aoji-ri,,North Korea
ind-72553246-615,Richy,Bytheway,1932-03-12T05:43:32Z,5,International,Kowŏn-ŭp,,North Korea
ind-86276078-524,Gisella,Etoile,2004-01-08T01:48:39Z,2,Becker,Yuktae-dong,,North Korea
ind-82268555-042,Wilton,Nobbs,1999-04-25T19:20:32Z,6163,Portage,Sakchu-ŭp,,North Korea
ind-39289612-640,Arlena,Qualtrough,1933-05-29T09:53:20Z,2779,Algoma,Kilju,,North Korea
ind-01754281-081,Ellene,Verrills,1929-01-14T08:41:14Z,36088,Elmside,Yuktae-dong,,North Korea
ind-32958426-415,Reina,Merrgan,1931-02-26T18:31:08Z,7,Bellgrove,Hyesan-si,,North Korea
ind-68910168-905,Amory,Dockrell,1928-07-11T09:14:52Z,3,Sullivan,Ongjin,,North Korea
ind-33713820-216,Ashia,Launder,2002-02-12T13:19:00Z,78983,Forest,Kujang-ŭp,,North Korea
ind-99429016-584,Ryun,Clendening,1967-02-17T19:35:55Z,18113,Donald,Hŭkkyo-ri,,North Korea
ind-21039063-004,Sharla,MacEllen,1989-10-28T19:25:48Z,15,Dexter,Kyŏngsŏng,,North Korea
ind-25202566-737,Laura,Keighly,1977-09-09T20:33:46Z,273,Ronald Regan,Iwŏn-ŭp,,North Korea
ind-87046403-183,Timmi,McDarmid,1991-10-16T00:15:14Z,2,Independence,Musan-ŭp,,North Korea
ind-75920580-828,Larine,Gillison,1967-02-19T03:20:00Z,6431,Dakota,Aoji-ri,,North Korea
ind-12173129-409,Bentley,Kment,1943-02-26T22:13:57Z,7179,Del Sol,Chasŏng,,North Korea
ind-99678678-661,Keene,Trengrouse,1969-04-02T04:07:37Z,41789,Roth,Yŏnggwang-ŭp,,North Korea
ind-60989742-992,Shea,Oubridge,2003-06-21T07:30:20Z,54,Chive,Kapsan-ŭp,,North Korea
ind-89053868-140,Derwin,O'Kielt,1936-07-02T07:18:21Z,8918,Declaration,Chongjin,,North Korea
ind-93764178-899,Cyb,Bourley,1945-07-14T01:57:10Z,48,Evergreen,Kyŏngsŏng,,North Korea
ind-55016930-714,Trstram,Avory,1929-04-20T04:45:31Z,68,Tennyson,Hyesan-si,,North Korea
ind-02131870-254,Idaline,Hendriks,1977-02-01T19:23:15Z,602,Eagle Crest,Chaeryŏng-ŭp,,North Korea
ind-15514696-877,Jennette,Hallowes,1957-09-09T18:34:45Z,3,Hagan,Sil-li,,North Korea
ind-65334158-222,Hersh,Jestico,1984-10-01T21:39:41Z,614,Mccormick,Ongjin,,North Korea
ind-92368417-785,Maryann,Yackiminie,1966-09-27T21:10:38Z,27104,Mallory,Yuktae-dong,,North Korea
ind-68759127-234,Frederica,Cuttin,1950-02-26T01:16:47Z,1,Ridge Oak,Hwangju-ŭp,,North Korea
ind-38316259-979,Joli,Yude,1987-11-15T22:26:27Z,5,Dwight,Kapsan-ŭp,,North Korea
ind-52329207-757,Cesaro,Baldery,2007-08-03T23:04:57Z,2982,Kensington,Sŏnbong,,North Korea
ind-82426864-030,Lurleen,Theobalds,1968-10-15T20:33:39Z,548,Corry,Kosan,,North Korea
ind-51787100-354,Sue,Meir,1953-05-01T13:18:55Z,2475,Evergreen,Hyesan-si,,North Korea
ind-71994088-338,Nichole,Pitsall,1977-02-04T15:11:39Z,96053,Oxford,Yŏnan-ŭp,,North Korea
ind-88315300-203,Layton,Fassmann,1948-01-24T12:18:03Z,3922,Esch,Hoeyang,,North Korea
ind-45844315-112,Clarey,Noir,2001-12-03T19:28:09Z,718,Bunting,Hamhŭng,,North Korea
ind-55988833-191,Trula,Heijne,1973-04-14T00:22:22Z,11,Dixon,Yuktae-dong,,North Korea
ind-30995458-538,Min,Pledger,1974-08-06T01:56:17Z,89368,Sycamore,Sil-li,,North Korea
ind-89712084-176,Free,Urridge,1975-07-26T19:14:38Z,158,Grasskamp,Chŏngju,,North Korea
ind-07422202-617,Hinda,Spitaro,1976-12-29T16:09:07Z,642,Reinke,Sunan,,North Korea
ind-57399610-023,Mabel,Laxen,1995-07-19T16:38:36Z,27,Mcbride,Aoji-ri,,North Korea
ind-68528437-545,Stefano,Shawe,1930-05-31T12:07:58Z,4821,Granby,P’yŏngsŏng,,North Korea
ind-33595200-781,Honoria,McArt,1999-02-25T06:26:41Z,86031,Gale,Hwangju-ŭp,,North Korea
ind-67409263-143,Milty,Pumfrett,1973-07-12T15:36:02Z,393,Arapahoe,Kusŏng,,North Korea
ind-32776328-568,Bess,Peel,1944-07-15T12:53:36Z,64987,Prentice,Chunghwa,,North Korea
ind-38179090-248,Katherina,Hughill,1982-06-04T04:59:40Z,40251,Cody,Kanggye-si,,North Korea
ind-08751096-436,Page,Raftery,1998-12-01T19:40:43Z,4,Rutledge,Sŏnbong,,North Korea
ind-97036296-210,Odey,Hoyle,2009-12-12T09:59:08Z,556,Sage,Sŏnbong,,North Korea
ind-12022406-149,Carolyne,Merdew,1956-06-26T03:55:39Z,0165,Waxwing,Anak,,North Korea
ind-80993537-277,Franky,Dumphry,1923-05-06T05:30:04Z,541,Magdeline,Hŭngju-dong,,North Korea
ind-28761166-256,Erena,Sammes,1947-09-11T19:38:00Z,21335,Maryland,Kusŏng,,North Korea
ind-92833582-958,Jervis,Esplin,1926-04-10T00:32:49Z,6686,Farragut,Yŏnggwang-ŭp,,North Korea
ind-52310556-589,Alard,Hubane,1961-09-15T11:02:56Z,755,Rusk,Hŭkkyo-ri,,North Korea
ind-89681889-972,Ines,Khomishin,1950-04-07T18:05:42Z,95,Division,Aoji-ri,,North Korea
ind-17162665-546,Lew,Udden,2007-02-24T20:29:34Z,85,Eagle Crest,Najin,,North Korea
ind-75395285-312,Roanne,Ratazzi,2008-05-15T17:56:21Z,26,Huxley,Chŏngju,,North Korea
ind-79394833-206,Nikkie,Biaggioni,1920-09-25T12:53:20Z,98441,Gale,Sakchu-ŭp,,North Korea
ind-37387493-467,Layney,Francombe,1980-12-17T02:44:01Z,75,Truax,Kilju,,North Korea
ind-74796664-706,Jaquelyn,Sanz,1965-12-30T22:53:18Z,54607,Dawn,Hwangju-ŭp,,North Korea
ind-31958891-913,Paulita,Dickinson,1933-10-06T07:39:54Z,2347,Morrow,Hoeyang,,North Korea
ind-66351193-265,Ozzie,Monier,1944-07-25T12:28:16Z,2,Kensington,Nanam,,North Korea
ind-16267277-236,Gene,Osbiston,1976-02-23T06:16:47Z,40,Declaration,Kyŏngsŏng,,North Korea
ind-53819935-000,Lucia,Winkett,1923-09-05T11:50:01Z,13,Elmside,Sinmak,,North Korea
ind-72146072-723,Elsie,Penella,2002-02-06T01:39:50Z,14517,Messerschmidt,Chŏngju,,North Korea
ind-19630972-082,Anatole,Sidary,1962-02-19T11:13:32Z,482,Bashford,Hwangju-ŭp,,North Korea
ind-15686857-397,Valeria,Winteringham,1996-07-29T09:29:13Z,71189,Burning Wood,Songnim,,North Korea
ind-22433899-318,Harland,Trayling,1925-04-18T05:51:11Z,296,Melvin,Kujang-ŭp,,North Korea
ind-13606817-306,Nicolis,Tremelling,1990-09-29T14:29:13Z,7480,Sunbrook,Yŏnan-ŭp,,North Korea
ind-74911006-392,Giustino,Smiths,1933-03-11T21:21:57Z,01909,Vermont,Songnim,,North Korea
ind-02419359-404,Sergei,Cadreman,1980-08-13T12:06:59Z,53671,Village,Kapsan-ŭp,,North Korea
ind-32942827-274,Xenos,Pethick,1960-01-23T02:18:21Z,410,Schiller,Kujang-ŭp,,North Korea
ind-05504416-912,Arlie,Spadari,1938-05-10T22:15:33Z,28230,Lunder,Kowŏn-ŭp,,North Korea
ind-55682835-724,Latia,Wolfart,2002-01-12T06:05:50Z,4,Bartillon,Kangdong-ŭp,,North Korea
ind-81152410-051,Stephanie,Dinsell,1927-04-06T10:35:16Z,3910,4th,Hŭngju-dong,,North Korea
ind-60771184-508,Ursuline,Elsby,1989-08-16T01:02:42Z,847,Clove,Kimch’aek-si,,North Korea
ind-10874586-166,Tiebout,Morat,1946-08-12T18:30:54Z,63,Florence,Kowŏn-ŭp,,North Korea
ind-95136014-494,Greggory,Mander,1933-02-26T21:03:23Z,8310,Sunbrook,Sinmak,,North Korea
ind-09300721-530,Robbin,Moran,1929-11-23T03:59:56Z,295,Little Fleur,Hŭngnam,,North Korea
ind-69862894-375,Erna,Clews,2001-10-22T23:01:36Z,3332,Hayes,Anak,,North Korea
ind-32479727-766,Maryjane,Galer,1987-07-12T07:09:59Z,44409,Dexter,Chongjin,,North Korea
ind-09252868-308,Archambault,Camoys,2009-08-13T12:58:12Z,18051,Pine View,Hoeyang,,North Korea
ind-97521250-672,Harwilll,Wavish,1971-08-30T17:30:19Z,26860,Roxbury,Chasŏng,,North Korea
ind-16573921-029,Kassia,Aspin,1957-09-15T02:45:50Z,22331,Mccormick,Chaeryŏng-ŭp,,North Korea
ind-66693128-119,Noble,Johannes,1929-03-16T09:45:29Z,093,Menomonie,Kanggye-si,,North Korea
ind-06950407-547,Salaidh,White,1962-03-22T12:56:10Z,46,Surrey,Hoeryŏng,,North Korea
ind-11863339-115,Perri,Smart,1985-04-15T13:25:32Z,0018,Crowley,Sŏnbong,,North Korea
ind-24889296-558,Winston,Ayree,1977-04-18T02:26:38Z,7590,Norway Maple,Hŭngnam,,North Korea
ind-74242847-683,Adelheid,Chill,1981-06-11T21:10:53Z,14,Elmside,Kilju,,North Korea
ind-73940968-870,Patti,Saura,2008-07-08T10:39:02Z,1620,Glendale,Najin,,North Korea
ind-86270938-622,Emogene,Ahmed,1973-07-04T06:07:07Z,27443,Doe Crossing,Ŭiju,,North Korea
ind-36191728-491,Andros,Gumary,2002-11-11T19:34:09Z,49710,Killdeer,Anak,,North Korea
ind-24463388-418,Prudi,Alker,1960-05-15T10:38:45Z,048,John Wall,Anak,,North Korea
ind-95010174-689,Kathye,Bayley,1959-02-05T15:20:46Z,2,Waxwing,Samho-rodongjagu,,North Korea
ind-67807438-007,Kerstin,Muxworthy,1944-01-24T19:53:58Z,3,Red Cloud,Chongjin,,North Korea
ind-17854221-876,Laurene,Sargint,1941-02-20T06:30:08Z,0846,Buhler,T’ongch’ŏn-ŭp,,North Korea
ind-45830824-469,Thom,McClelland,1989-12-11T14:10:03Z,67,Bowman,Chaeryŏng-ŭp,,North Korea
ind-46567687-535,Nels,Gilloran,1980-04-22T10:14:10Z,91,Continental,Hyesan-dong,,North Korea
ind-85979463-667,Nathanael,Clancy,1988-02-26T00:06:28Z,03,Dahle,Kowŏn-ŭp,,North Korea
ind-06001244-748,Bartel,Tosney,1979-10-15T12:31:08Z,09,Maryland,Haeju,,North Korea
ind-21785481-259,Berni,Baroch,1943-07-31T04:45:55Z,1,Hermina,Hyesan-dong,,North Korea
ind-11177579-234,Tana,Caldaro,2003-04-01T07:11:31Z,4,Harbort,Chŏngju,,North Korea
ind-09941616-840,Patton,Capstack,1959-06-28T09:21:35Z,4,Karstens,Hwangju-ŭp,,North Korea
ind-37282286-184,Shaw,Ivers,1969-05-11T22:25:12Z,0504,Vidon,Kilju,,North Korea
ind-65784993-187,Brendan,Greasty,2004-01-19T05:39:54Z,09,Menomonie,Sariwŏn,,North Korea
ind-22316807-769,Cristal,Welsh,1973-04-16T04:48:46Z,38513,Amoth,Kapsan-ŭp,,North Korea
ind-10002241-110,Em,Groocock,1953-04-19T05:52:10Z,63892,Towne,Kangdong-ŭp,,North Korea
ind-67250898-404,Cornell,Guillem,1997-01-30T07:00:21Z,462,Morning,Chŏngju,,North Korea
ind-72671368-490,Lynnell,Fancourt,1932-04-29T01:02:38Z,3434,Tennessee,Hyesan-si,,North Korea
ind-07563036-130,Rachelle,Housin,1963-05-24T16:32:29Z,50057,Fordem,Ŭiju,,North Korea
ind-09458001-754,Conrade,Maddison,1987-04-24T07:55:21Z,76,Dryden,Anak,,North Korea
ind-26074234-242,Nicolette,Swale,2003-06-30T14:09:11Z,122,Jay,Hŭkkyo-ri,,North Korea
ind-09525575-480,Arturo,Tickel,1970-03-31T23:10:34Z,3385,Vernon,Chasŏng,,North Korea
ind-26057964-712,Nathan,Sitlinton,1964-01-18T22:24:20Z,267,Hansons,T’ongch’ŏn-ŭp,,North Korea
ind-29750823-025,Leyla,Prew,1929-11-26T14:53:31Z,84,Bellgrove,Kapsan-ŭp,,North Korea
ind-43714430-784,Matthew,Downton,1992-03-14T04:13:20Z,17591,Kropf,Kanggye-si,,North Korea
ind-27164197-967,Ulrich,Burde,1992-08-21T05:49:07Z,844,Pearson,Sinanju,,North Korea
ind-13249716-392,Lianna,Nana,1921-09-17T19:23:31Z,8,Messerschmidt,Sinŭiju,,North Korea
ind-47624529-937,Gill,Sarath,1985-11-30T14:59:44Z,15,Vernon,Anak,,North Korea
ind-28453066-445,Fitzgerald,Fellnee,1949-02-12T10:23:08Z,186,Luster,Yŏnggwang-ŭp,,North Korea
ind-63814987-021,Sherwin,Tebbet,1949-10-12T02:50:24Z,53,Corben,Chŏngju,,North Korea
ind-62790160-530,Fabe,Nunns,1952-01-11T08:00:20Z,423,Logan,Kanggye-si,,North Korea
ind-79544403-962,Felice,Cleaveland,1997-10-05T14:13:54Z,213,Shelley,Kanggye-si,,North Korea
ind-24769219-321,Rasla,Smartman,1994-07-27T13:38:42Z,0209,Shoshone,Musan-ŭp,,North Korea
ind-17567382-802,Tad,Kilbee,1967-12-08T13:06:54Z,909,Lakewood Gardens,Samho-rodongjagu,,North Korea
ind-45038888-019,Cherie,Kamenar,1946-11-07T06:53:28Z,741,Bonner,Chasŏng,,North Korea
ind-50452863-386,Claudius,Frantsev,1984-06-08T03:10:12Z,2527,Michigan,Ayang-ni,,North Korea
ind-14229703-964,Felice,Kingdon,1932-12-10T02:22:30Z,308,8th,Hŭngju-dong,,North Korea
ind-29941054-518,Thatch,Figgs,1956-11-30T15:02:13Z,0478,Blaine,Kilju,,North Korea
ind-59969870-781,Frederico,Soal,1973-01-31T13:39:14Z,1792,Hoffman,Kilju,,North Korea
ind-98822600-691,Fredrick,Nichol,1982-06-27T07:47:41Z,677,Melby,Musan-ŭp,,North Korea
ind-94921486-423,Doralin,Meese,1946-03-01T08:47:33Z,2,Golf Course,Hyesan-si,,North Korea
ind-27501671-787,Alfonse,Linskey,1921-08-30T15:20:50Z,2,East,Anju,,North Korea
ind-81848854-187,Marget,Shurville,2009-08-01T16:03:39Z,31,Eastlawn,Sinanju,,North Korea
ind-29537194-434,Cyrill,Trangmar,1969-05-23T02:31:02Z,8,Northwestern,Yŏnggwang-ŭp,,North Korea
ind-64512443-071,Bevin,Ormond,1952-08-02T02:22:00Z,5,Prairieview,Chasŏng,,North Korea
ind-86428297-104,Wilmer,Gauld,1949-02-17T04:01:34Z,743,Colorado,Chunghwa,,North Korea
ind-92752077-796,Jude,Mettetal,1961-08-31T19:23:50Z,2375,Wayridge,Kangdong-ŭp,,North Korea
ind-51890118-620,Johnnie,Kevern,1984-10-23T00:05:02Z,46,Morrow,Hŭngnam,,North Korea
ind-86515649-809,Web,Fountian,1987-04-22T19:17:32Z,4,Arizona,Wŏnsan,,North Korea
ind-81007564-378,Neron,Deighan,1965-01-24T01:26:07Z,962,Onsgard,Hŭngnam,,North Korea
ind-62879885-750,Lidia,Robatham,1926-10-17T19:05:15Z,8,Vermont,Sil-li,,North Korea
ind-58801295-181,Constantin,Bier,2001-04-30T02:30:06Z,4168,Doe Crossing,Sinŭiju,,North Korea
ind-70489859-877,Gawen,Grist,1975-03-05T00:45:02Z,8,School,T’ongch’ŏn-ŭp,,North Korea
ind-74654726-827,Rebe,Conneely,1929-04-07T18:33:38Z,882,Pierstorff,Hyesan-si,,North Korea
ind-35494008-173,Jone,Roder,1946-04-19T19:34:58Z,10522,Sullivan,Sŏnbong,,North Korea
ind-04974725-521,Annabelle,Redsall,2002-08-05T05:10:46Z,64,Pankratz,Ongjin,,North Korea
ind-74641230-002,Monica,Wharram,1978-12-07T11:33:50Z,5,Victoria,Yuktae-dong,,North Korea
ind-10186957-799,Kerianne,Rodell,1997-03-22T06:18:54Z,8,Elmside,Kapsan-ŭp,,North Korea
ind-98828879-482,Johannah,Stradling,1980-03-21T05:54:28Z,5,La Follette,Wŏnsan,,North Korea
ind-65079682-437,Ferd,McCowan,1987-11-03T17:04:16Z,9600,Nova,Sinanju,,North Korea
ind-17612441-814,Rivalee,Ariss,1958-04-03T15:54:10Z,24514,Burrows,Sinŭiju,,North Korea
ind-70521673-519,Osmund,Grieves,1990-03-05T22:50:06Z,60319,Nancy,Aoji-ri,,North Korea
ind-26713189-414,Bran,Molan,1954-04-07T07:26:29Z,513,Blackbird,Hamhŭng,,North Korea
ind-89644080-792,Markos,Chessill,1986-10-04T04:03:14Z,320,Portage,Yŏnggwang-ŭp,,North Korea
ind-98266747-281,Alyson,Crockatt,1930-11-24T22:34:30Z,90,Saint Paul,Kaesŏng,,North Korea
ind-51608197-114,Brook,Drake,1958-04-08T14:51:58Z,57,Division,Kaesŏng,,North Korea
ind-54003950-070,Maris,Smedmoor,1951-03-08T01:35:33Z,86353,Orin,Hŭngnam,,North Korea
ind-23673111-342,Sherill,Verbrugghen,1954-09-06T10:07:18Z,44,Claremont,Hoeyang,,North Korea
ind-84003801-147,Tulley,Liccardi,1964-10-28T10:40:22Z,5,Warrior,Musan-ŭp,,North Korea
ind-68910260-565,Frankie,Oury,1922-12-30T07:12:28Z,3879,Iowa,Kimch’aek-si,,North Korea
ind-48129211-306,Fayre,Cason,1938-05-07T02:24:31Z,3,Orin,Pyongyang,,North Korea
ind-75284873-995,Ellery,Fishe,1943-06-09T07:05:16Z,231,Milwaukee,Musan-ŭp,,North Korea
ind-60682077-686,Allys,Delnevo,1969-07-10T00:07:20Z,57,Victoria,Hwangju-ŭp,,North Korea
ind-41636339-820,Cris,Merchant,1952-09-06T01:53:27Z,25,Wayridge,T’ongch’ŏn-ŭp,,North Korea
ind-67044919-916,Danila,Baswall,1937-06-14T00:17:57Z,695,Center,Hŭngju-dong,,North Korea
ind-81615935-637,Min,Carnow,1972-06-20T15:21:50Z,703,Coolidge,Hyesan-dong,,North Korea
ind-15494165-460,Janine,Nolot,1976-05-23T12:23:00Z,2,Declaration,Hwangju-ŭp,,North Korea
ind-50031013-360,Silvia,Scobie,2000-05-09T23:37:33Z,43,Mitchell,Kimch’aek-si,,North Korea
ind-92313173-589,Allard,Galliard,1998-03-02T11:06:14Z,9383,Manley,Musan-ŭp,,North Korea
ind-02582537-955,Josi,Bacup,1952-05-24T06:00:30Z,346,Bartillon,Sakchu-ŭp,,North Korea
ind-28307069-618,Cam,Malecky,1947-05-14T17:24:41Z,202,Miller,Kaesŏng,,North Korea
ind-15489160-780,Alexandros,Drewell,1968-12-04T19:41:30Z,18,Onsgard,Yuktae-dong,,North Korea
ind-37191204-971,Patton,Gotch,1935-05-10T19:08:18Z,1188,Gerald,Yŏnan-ŭp,,North Korea
ind-29062406-530,Atlante,Suggitt,1955-01-28T20:39:35Z,7052,Del Mar,Namyang-dong,,North Korea
ind-06279004-979,Claude,Delahunty,1949-02-26T06:15:30Z,21021,Westend,Kilju,,North Korea
ind-50516322-662,Christen,Mabbs,1966-08-11T08:25:09Z,06692,Judy,Kyŏngsŏng,,North Korea
ind-16244904-640,Saxon,Nardrup,1943-10-14T18:31:50Z,1,Welch,Anbyŏn-ŭp,,North Korea
ind-82173668-482,Doroteya,Shergold,1962-04-10T16:12:05Z,0,Sage,Kaesŏng,,North Korea
ind-48578354-169,Reinold,Atherley,1945-12-25T05:51:51Z,45,Chive,Ŭiju,,North Korea
ind-95298632-390,Chrysa,Marcam,1944-06-17T12:50:40Z,817,Golf View,Najin,,North Korea
ind-18223984-719,Gradeigh,Barszczewski,1991-10-16T04:59:42Z,518,Carioca,Hyesan-si,,North Korea
ind-07966289-479,Noami,Choudhury,2001-12-12T10:09:40Z,1957,Kings,Onsŏng,,North Korea
ind-42183269-885,Philip,Bensen,1958-12-05T06:00:39Z,94,Farwell,Hyesan-dong,,North Korea
ind-61916386-807,Alexandre,Hargrove,1931-08-31T15:20:19Z,3659,Darwin,Sŭngho 1-tong,,North Korea
ind-87013940-607,Byran,Petrushkevich,2008-01-30T13:48:31Z,4132,Fair Oaks,Chŏngju,,North Korea
ind-62421231-236,Kermy,Font,2008-08-01T10:44:13Z,5429,Orin,Sinanju,,North Korea
ind-58024468-786,Alan,Hickenbottom,1968-06-04T23:25:00Z,743,Golf Course,Yŏnggwang-ŭp,,North Korea
ind-33619677-683,Adrian,Segot,1982-06-29T13:01:43Z,68,Thompson,Hyesan-si,,North Korea
ind-20859062-287,Ardys,Nenci,1940-05-27T06:19:05Z,635,Westerfield,Hyesan-si,,North Korea
ind-97486950-117,Harold,Arnolds,1933-06-18T16:35:37Z,26,Marcy,Najin,,North Korea
ind-87106849-645,Ric,Jackling,1936-11-28T19:07:30Z,9,6th,Hoeryŏng,,North Korea
ind-07511110-713,Filippo,Jakel,1985-01-17T14:22:16Z,182,Talmadge,Pyongyang,,North Korea
ind-68671078-618,Natty,Hurrell,1968-09-17T16:33:07Z,829,Cascade,Sakchu-ŭp,,North Korea
ind-95787543-949,Kate,Topping,1967-06-12T18:56:11Z,142,Pearson,Kosan,,North Korea
ind-02637368-858,Casper,Buddle,2003-01-20T17:18:57Z,56285,Sachtjen,Chunghwa,,North Korea
ind-49000464-763,Harli,Darque,1938-06-13T02:26:02Z,21,Sullivan,P’yŏngsŏng,,North Korea
ind-48921125-349,Nettie,McKendo,1941-12-09T07:10:39Z,8093,Moose,Chunghwa,,North Korea
ind-63097482-110,Isidore,Philpault,2004-07-20T14:16:50Z,4579,Truax,Najin,,North Korea
ind-94377250-307,Jephthah,Stut,1924-01-28T16:18:49Z,881,Waxwing,Sinŭiju,,North Korea
ind-74003773-997,Selia,Lawrey,1994-05-10T14:05:06Z,122,Saint Paul,Yŏnggwang-ŭp,,North Korea
ind-11205598-869,Alejandra,Mobley,1970-08-26T15:43:07Z,53,Utah,Sil-li,,North Korea
ind-20158010-528,Ros,Allabush,1973-08-28T21:41:47Z,9516,Killdeer,Kimch’aek-si,,North Korea
ind-76317783-666,Gilbertine,Antonioni,1988-10-16T21:41:44Z,60,Bowman,Chaeryŏng-ŭp,,North Korea
ind-45570148-522,Ajay,O' Mullane,1999-05-23T09:49:12Z,27,Farragut,Najin,,North Korea
ind-43868466-136,Mia,Snowball,1999-03-24T06:08:04Z,62999,Portage,Changyŏn,,North Korea
ind-05805171-873,Corabelle,Commin,1967-07-16T22:11:40Z,692,Ridgeview,Namyang-dong,,North Korea
ind-75736057-485,Beale,Woosnam,2003-10-24T20:34:33Z,185,Burrows,Sinanju,,North Korea
ind-66201698-594,Nerty,Staten,1986-02-22T01:47:31Z,94,Vidon,Kaesŏng,,North Korea
ind-43743200-762,Elfie,Harvey,1921-05-05T00:15:24Z,45,Toban,Chŏngju,,North Korea
ind-45470763-084,Eartha,Gwinnel,1987-07-02T03:53:28Z,2,Reinke,Sŏnbong,,North Korea
ind-19893153-116,Freddie,Butterfint,1957-09-03T18:17:33Z,9526,Sachtjen,Hongwŏn,,North Korea
ind-97124860-127,Jennine,Shubotham,1958-12-02T05:41:45Z,9,Dexter,Sŏnbong,,North Korea
ind-76669214-482,Maddalena,Vedenichev,1930-01-15T05:20:34Z,89,Fieldstone,Hŭngnam,,North Korea
ind-78966126-478,Carolin,Apfler,1947-10-25T19:22:10Z,91,Butternut,Songnim,,North Korea
ind-98918612-919,Waylen,Johnke,1998-03-21T07:49:49Z,2297,Lakewood Gardens,Songnim,,North Korea
ind-57037589-880,Normy,Ogborn,1931-08-01T20:27:56Z,354,Carey,Sariwŏn,,North Korea
ind-87452867-135,Hanan,Cater,1977-02-28T00:47:33Z,6,Melby,P’yŏngsŏng,,North Korea
ind-40725498-302,Rollin,Badrick,1937-10-25T06:34:02Z,063,Melody,Aoji-ri,,North Korea
ind-22534802-633,Merridie,Gages,1994-04-05T12:43:02Z,922,Golf View,Hyesan-si,,North Korea
ind-67994423-093,Quintana,Casacchia,1961-07-25T20:42:30Z,54,Summer Ridge,Chŏngju,,North Korea
ind-50919869-175,Leese,Loveard,1972-12-14T02:29:21Z,30,Mallard,Kosan,,North Korea
ind-27047413-651,Sven,MacShane,1954-07-19T01:19:25Z,18,Manitowish,Kapsan-ŭp,,North Korea
ind-77545046-934,Jeanne,Hobson,1990-03-15T10:06:16Z,1,Mockingbird,Sŏnbong,,North Korea
ind-96049978-234,Regine,Trownson,1984-07-16T03:14:15Z,05641,2nd,Pyongyang,,North Korea
ind-34848822-351,Chrissie,Feldbau,1957-07-01T16:00:19Z,98,Texas,Chongjin,,North Korea
ind-44887703-119,Lock,Sicily,1928-07-30T17:39:47Z,890,Artisan,Sakchu-ŭp,,North Korea
ind-20745301-180,Avram,Khosa,2007-04-03T20:49:36Z,3256,Mandrake,Sinanju,,North Korea
ind-89662246-136,Feodor,Hilldrup,1968-05-06T14:26:16Z,5,High Crossing,Haeju,,North Korea
ind-74110367-798,Gwen,Bovis,1968-06-28T20:17:30Z,4123,5th,Aoji-ri,,North Korea
ind-37548156-322,Tamarah,Reihm,1974-04-30T12:16:05Z,2,Sherman,Chasŏng,,North Korea
ind-75673423-026,Nelli,Barrie,1986-02-19T13:42:40Z,968,Pawling,Chunghwa,,North Korea
ind-41743966-513,Mata,Bousfield,1975-03-31T14:33:16Z,633,Loomis,Kaesŏng,,North Korea
ind-77711310-629,Corinne,Bilfoot,1992-01-27T00:19:02Z,29059,Scoville,Hoeyang,,North Korea
ind-74902277-449,Nadia,Kemmet,1935-05-06T23:44:41Z,8,Dennis,Hŭkkyo-ri,,North Korea
ind-95742843-601,Johnna,Kingswold,1926-04-13T05:09:45Z,536,Vermont,P’yŏngsŏng,,North Korea
ind-54458491-057,Kally,Cristofanini,1980-04-03T08:53:09Z,758,Carioca,Kowŏn-ŭp,,North Korea
ind-16155757-077,Cordy,Weitzel,1938-09-26T19:43:17Z,1,Surrey,Namp’o,,North Korea
ind-27281814-245,Frank,Pembridge,1997-04-12T12:23:55Z,4276,Paget,P’yŏngsŏng,,North Korea
ind-69504572-294,Rosalie,Hammant,1998-09-14T16:53:06Z,64,Village,Najin,,North Korea
ind-05812063-535,Kial,Lammert,1945-02-27T07:12:20Z,70,Del Mar,Kusŏng,,North Korea
ind-00460535-028,Eustace,Whayman,1926-02-17T22:03:59Z,1320,Dottie,Songnim,,North Korea
ind-28515817-783,Gardener,Wedlake,1995-02-15T09:56:05Z,14362,Merry,Kanggye-si,,North Korea
ind-08579483-596,Cordell,Jankovsky,1993-01-19T15:31:19Z,34200,Debra,Kapsan-ŭp,,North Korea
ind-96032229-668,Shellysheldon,Spybey,1933-05-28T21:46:33Z,3,Schurz,Anju,,North Korea
ind-27202237-536,Doreen,Hambridge,1928-02-12T07:13:35Z,008,Green Ridge,Samho-rodongjagu,,North Korea
ind-93458614-394,Kiley,Schole,1982-08-05T07:30:23Z,40735,Paget,Kilju,,North Korea
ind-31276799-301,Dionis,Dahill,1990-05-07T06:47:44Z,5237,Continental,Hyesan-si,,North Korea
ind-00947672-157,Tisha,Addess,1976-08-08T05:56:41Z,91072,Paget,Hamhŭng,,North Korea
ind-90099047-644,Moore,Duckitt,1949-04-24T21:47:51Z,1669,Lunder,Sinmak,,North Korea
ind-02706942-106,Hillard,Tale,1960-04-16T12:54:36Z,371,Arkansas,Pyongyang,,North Korea
ind-53985161-437,Peri,Hovenden,1935-02-23T19:53:50Z,857,Hollow Ridge,Sariwŏn,,North Korea
ind-95914101-956,Dario,Babon,2008-10-25T04:40:23Z,6,Darwin,P’yŏngsŏng,,North Korea
ind-37442603-768,Nanny,Ketteman,1965-08-09T06:16:42Z,40,Lien,Hyesan-dong,,North Korea
ind-01661329-377,Freddie,Salter,1926-10-06T11:34:47Z,85859,Anderson,Chasŏng,,North Korea
ind-04981009-601,Eudora,Massenhove,1927-11-01T21:00:58Z,4,Farwell,Najin,,North Korea
ind-91503064-316,Sibyl,Willock,1958-01-23T15:56:25Z,49,Del Mar,Hoeryŏng,,North Korea
ind-30359800-424,Kerr,Marrington,2008-03-30T01:41:56Z,82,Moulton,Songnim,,North Korea
ind-47622666-603,Agata,Demongeot,1968-07-04T06:44:52Z,13,Leroy,Sinmak,,North Korea
ind-77783899-679,Theodora,Swinburn,1964-10-12T04:32:37Z,78,Esch,Aoji-ri,,North Korea
ind-73718624-566,Luke,McRonald,2007-11-10T15:20:55Z,1,Lerdahl,Sinanju,,North Korea
ind-11931276-297,Sylvan,Ayrton,1989-04-02T14:54:51Z,75136,Dwight,Songnim,,North Korea
ind-15186199-200,Revkah,Georgeon,1925-08-29T10:34:13Z,2078,Paget,Chongjin,,North Korea
ind-72806226-035,Nial,Thiese,1922-04-24T07:04:33Z,6107,Comanche,Sariwŏn,,North Korea
ind-93059345-330,Abdel,Gantzman,1975-02-13T19:31:28Z,3,Kropf,Sŭngho 1-tong,,North Korea
ind-31980682-076,Lurline,Meron,1959-02-24T21:22:36Z,8578,Rieder,Kilju,,North Korea
ind-51461580-519,Genna,Penning,1968-12-01T20:02:33Z,3,Brown,Kangdong-ŭp,,North Korea
ind-71909880-047,Zed,Galero,1990-09-11T07:16:50Z,81424,Lyons,Yuktae-dong,,North Korea
ind-12310906-717,Ardelle,Labarre,1984-02-22T07:19:02Z,08,Iowa,Chongjin,,North Korea
ind-29032741-940,Leesa,Keiley,1932-07-01T23:32:25Z,987,Larry,Kusŏng,,North Korea
ind-14186039-408,Therine,Deinert,2004-03-22T08:49:34Z,72,Rutledge,Najin,,North Korea
ind-94638195-004,Leoline,Messam,1922-09-25T05:31:48Z,12,Straubel,Anak,,North Korea
ind-90682522-374,Wandis,Worsalls,1958-09-15T13:34:38Z,5,Fuller,P’yŏngsŏng,,North Korea
ind-63887975-932,Rhonda,Lippi,1944-01-11T04:20:14Z,17108,Chive,Hamhŭng,,North Korea
ind-27922305-337,Verina,Pogosian,1931-06-12T10:22:47Z,293,Magdeline,Yuktae-dong,,North Korea
ind-49337937-807,Alyssa,Igounet,1971-08-13T14:31:18Z,38,Eastlawn,T’ongch’ŏn-ŭp,,North Korea
ind-02782061-526,Ashly,Tallowin,1976-02-27T02:05:40Z,25135,Delaware,T’ongch’ŏn-ŭp,,North Korea
ind-34945871-312,Marlo,Baseke,1973-03-08T15:13:10Z,9,Haas,Sariwŏn,,North Korea
ind-74074924-192,Corrine,Clyma,1986-03-31T17:19:45Z,0424,Corscot,P’yŏngsŏng,,North Korea
ind-72266288-286,Slade,Oades,1975-10-25T13:43:55Z,31,Sunbrook,Musan-ŭp,,North Korea
ind-34404722-666,Gates,Tremoille,1955-05-24T15:49:48Z,0,Sullivan,Yŏnggwang-ŭp,,North Korea
ind-47020214-812,Raymond,Commins,1926-11-10T12:29:01Z,4,Declaration,Chongjin,,North Korea
ind-11261448-531,Webster,Slessar,1942-04-19T02:22:43Z,0604,Luster,Ongjin,,North Korea
ind-04276693-861,Silvanus,Ivanyushin,1924-08-30T20:02:55Z,17,Continental,Kosan,,North Korea
ind-53678763-583,Lenora,McCullagh,1976-11-08T00:59:28Z,96,Packers,Sil-li,,North Korea
ind-24118059-099,Lily,Winkell,2008-09-27T15:58:42Z,4,Village Green,Musan-ŭp,,North Korea
ind-45955575-883,Andi,Valentino,1980-06-29T18:00:48Z,4,South,Hoeyang,,North Korea
ind-63807214-067,Samaria,Hassan,2009-04-02T13:50:40Z,16,Dexter,Onsŏng,,North Korea
ind-64335336-812,Kalila,Ormistone,2000-01-28T12:39:50Z,99,Manley,Hamhŭng,,North Korea
ind-66924103-670,Ariadne,Veart,1944-07-05T17:57:59Z,949,Green Ridge,Kilju,,North Korea
ind-92114241-101,Charo,Puig,1976-01-11T05:04:25Z,3608,Anderson,Kujang-ŭp,,North Korea
ind-40839592-279,Sharity,MacGovern,1980-12-28T14:19:23Z,33987,Nobel,Kilju,,North Korea
ind-29834675-396,Nolana,Yarnley,1951-01-26T14:45:51Z,29386,Barnett,Kaesŏng,,North Korea
ind-78463330-394,Burk,McAlindon,1982-02-27T22:36:22Z,421,Transport,Ayang-ni,,North Korea
ind-98643313-357,Lucian,Karlowicz,1960-02-28T08:40:50Z,58,Muir,Yuktae-dong,,North Korea
ind-05773051-084,Sandye,Audry,1955-09-17T06:35:20Z,37,Roxbury,Ŭiju,,North Korea
ind-49818714-340,Birdie,Adamowitz,1955-01-31T11:00:35Z,0176,Judy,Ayang-ni,,North Korea
ind-00531430-927,Chloris,Beswick,1992-02-03T11:43:06Z,67,Waxwing,Kaesŏng,,North Korea
ind-52312793-024,Rriocard,Littlecote,1992-08-18T06:35:10Z,55,Warbler,Hamhŭng,,North Korea
ind-25705193-060,Selinda,Batey,1953-01-01T08:49:51Z,5809,Saint Paul,Kaesŏng,,North Korea
ind-74217749-092,Jessey,McCord,1925-06-24T21:22:50Z,78,Morning,Hŭkkyo-ri,,North Korea
ind-79762266-462,Ruby,Shubotham,2004-01-12T10:42:46Z,3221,Kinsman,Songnim,,North Korea
ind-44281544-716,Anjela,Jellard,1966-12-12T11:53:55Z,84656,Bunker Hill,Kaesŏng,,North Korea
ind-01794420-716,Clevie,Fullerd,2000-12-26T01:22:19Z,94458,Acker,Kyŏngsŏng,,North Korea
ind-38503670-227,Catlee,Girtin,1952-10-06T19:01:44Z,92,Arapahoe,Changyŏn,,North Korea
ind-57129704-309,Laurena,Bollard,1991-01-06T02:28:11Z,39,School,Wŏnsan,,North Korea
ind-93200343-274,Kariotta,Mascall,1933-11-17T02:25:42Z,28892,Warrior,Sil-li,,North Korea
ind-28135668-971,Tessie,Dowsey,1987-10-03T17:25:39Z,63311,Sundown,Hamhŭng,,North Korea
ind-29966686-686,Shaylynn,Heynel,2007-07-09T17:28:43Z,49,Ronald Regan,Hyesan-dong,,North Korea
ind-54603913-519,Travus,Betho,2004-04-06T08:54:01Z,39,Upham,Wŏnsan,,North Korea
ind-57074945-047,Bartolemo,Galgey,2003-11-30T22:56:47Z,80,Vernon,Yuktae-dong,,North Korea
ind-12988687-888,Nolly,Turbill,1925-01-09T12:42:38Z,275,Havey,Anbyŏn-ŭp,,North Korea
ind-30061977-205,Hannis,Blunkett,1937-06-07T10:21:21Z,06450,Hovde,Anak,,North Korea
ind-58716026-391,Bernete,Garlette,2000-01-03T15:37:41Z,007,Victoria,Ŭiju,,North Korea
ind-51634231-099,Dannie,Dowd,1948-06-14T11:05:23Z,85,Corscot,Kujang-ŭp,,North Korea
ind-79204783-018,Rheta,Martine,1990-12-05T19:35:06Z,0,Anzinger,Hwangju-ŭp,,North Korea
ind-73786278-467,Meier,Wilne,1946-11-03T05:00:48Z,93,Heffernan,Sil-li,,North Korea
ind-87457831-046,Paola,McOrkill,1935-09-13T19:24:57Z,041,Esker,Kimch’aek-si,,North Korea
ind-26507662-028,Deloris,Tribble,1965-10-23T00:32:57Z,14,Manley,Hŭngnam,,North Korea
ind-90356041-655,Ringo,Coneron,1946-08-19T11:28:10Z,8823,Pond,Aoji-ri,,North Korea
ind-54942567-272,Drucy,Donne,1992-06-09T00:52:29Z,263,Grasskamp,Kanggye-si,,North Korea
ind-91201527-592,Tarrah,Baltrushaitis,1996-12-14T23:37:01Z,9,Moulton,Kowŏn-ŭp,,North Korea
ind-73606978-142,Yvette,Owenson,1981-02-10T09:01:52Z,7,1st,Yŏnggwang-ŭp,,North Korea
ind-53327038-994,Irvine,Cromett,1975-08-19T10:48:01Z,37,Riverside,Hŭkkyo-ri,,North Korea
ind-91702094-096,Cherianne,Andreas,1950-02-18T15:50:16Z,15,Eagan,Anbyŏn-ŭp,,North Korea
ind-91561362-340,Damon,Riddiford,1960-03-26T09:47:42Z,4989,Lake View,Sinŭiju,,North Korea
ind-38037860-395,Bale,Colgan,2002-01-12T15:05:21Z,0659,Fulton,Aoji-ri,,North Korea
ind-79492253-378,Vlad,Upton,2004-02-10T16:02:54Z,4484,Raven,Kaesŏng,,North Korea
ind-62938894-132,Ellsworth,Grove,2006-11-22T10:40:42Z,82,7th,Yŏnggwang-ŭp,,North Korea
ind-76848400-661,Kalvin,Servante,1988-03-24T17:09:44Z,8757,Goodland,Hoeyang,,North Korea
ind-41771758-778,Becky,Brain,2003-07-25T21:16:10Z,91,Farragut,Kyŏngsŏng,,North Korea
ind-35404616-047,Pincus,Measor,2003-07-17T08:17:23Z,64062,Dixon,Hwangju-ŭp,,North Korea
ind-42819340-809,Marcile,Screach,2009-02-15T23:57:30Z,929,Pierstorff,Sunan,,North Korea
ind-43579965-982,Stafford,Highway,2006-12-29T09:40:23Z,0964,Merrick,Hyesan-dong,,North Korea
ind-63301121-908,Jobie,Michelle,2007-09-02T08:30:05Z,67,Dixon,Namyang-dong,,North Korea
ind-39552059-106,Angy,Telega,1939-09-01T00:21:13Z,70,Lindbergh,Pyongyang,,North Korea
ind-01061207-349,Aime,Gartan,1966-05-16T04:54:44Z,8209,Prentice,Hoeryŏng,,North Korea
ind-21772587-226,Nigel,Gregolin,1947-11-16T19:00:19Z,75553,Autumn Leaf,Kilju,,North Korea
ind-25652405-655,Cointon,Sedgemond,1943-11-24T08:36:48Z,636,Farmco,Wŏnsan,,North Korea
ind-06740696-978,Shelba,Grigoli,1936-04-29T08:49:47Z,32295,Warner,Hyesan-dong,,North Korea
ind-91366993-443,Herschel,Bann,1931-03-17T08:39:09Z,8681,Acker,Hyesan-dong,,North Korea
ind-43929153-781,Cyb,Wetherby,1974-11-09T04:38:03Z,09,Maple,Yŏnggwang-ŭp,,North Korea
ind-24008872-269,Son,Vernay,1920-07-07T01:57:40Z,2,Schiller,Kimch’aek-si,,North Korea
ind-79250054-247,Alene,Mordecai,1936-09-19T13:18:15Z,4459,Burrows,Kanggye-si,,North Korea
ind-74559970-713,Berkeley,Van den Hof,1943-05-19T20:09:06Z,5,Westridge,Wŏnsan,,North Korea
ind-32311209-229,Nolie,Wearden,1986-05-14T11:19:12Z,9,Superior,Iwŏn-ŭp,,North Korea
ind-09515066-343,Elyssa,Halifax,1944-07-28T20:53:04Z,021,Mariners Cove,Kyŏngsŏng,,North Korea
ind-24346958-660,Maurise,Edworthie,1922-06-24T06:51:53Z,2,Riverside,Sunan,,North Korea
ind-30906077-352,Elmira,Kielty,1989-04-07T01:26:07Z,4,School,Musan-ŭp,,North Korea
ind-85090720-788,Halie,Munroe,1930-07-09T09:15:49Z,1,Forest Dale,Kowŏn-ŭp,,North Korea
ind-66385832-658,Drusilla,Janiak,2008-02-21T14:12:13Z,4,Grover,T’ongch’ŏn-ŭp,,North Korea
ind-84444037-001,Yolane,Yepiskopov,1960-12-31T03:26:26Z,42734,Forest,Hamhŭng,,North Korea
ind-52053778-334,Artie,Walsh,1931-09-20T14:01:21Z,3,Crescent Oaks,Wŏnsan,,North Korea
ind-13578708-489,Tracy,Timby,1928-10-26T15:42:35Z,620,Monument,Yuktae-dong,,North Korea
ind-02179569-259,Hobard,Bridgwood,1939-11-22T12:48:50Z,1,Kings,Kilju,,North Korea
ind-14342225-747,Westleigh,Goodinge,2001-10-14T01:59:56Z,8,Tony,Sinŭiju,,North Korea
ind-90228077-090,Tasia,Slocomb,1961-09-28T06:42:32Z,413,Dayton,Hamhŭng,,North Korea
ind-79877321-866,Noelani,MacKnocker,1949-08-11T04:47:51Z,15,Corben,Sakchu-ŭp,,North Korea
ind-67577537-330,D'arcy,Dobbins,1968-09-19T17:51:20Z,54,Autumn Leaf,Hŭngju-dong,,North Korea
ind-10770124-891,Tobias,Swepson,1962-09-22T20:03:05Z,73,Dryden,Hyesan-si,,North Korea
ind-33896530-756,Henrieta,Domenget,1944-01-15T13:22:01Z,0,Homewood,Yŏnggwang-ŭp,,North Korea
ind-48940836-796,Durante,Thecham,1969-11-24T13:59:40Z,37185,Commercial,Ŭiju,,North Korea
ind-21086735-238,Deeann,Rontsch,1999-06-16T19:40:29Z,6,Dawn,Hyesan-dong,,North Korea
ind-28345764-058,Jade,Mc Gorley,1936-05-30T13:13:11Z,01141,Leroy,Kapsan-ŭp,,North Korea
ind-85282617-414,Jacquetta,Le Provost,1997-10-28T21:35:22Z,2744,Paget,Hoeyang,,North Korea
ind-52724763-611,Berne,Sager,1934-09-24T01:48:07Z,65,Farmco,Namp’o,,North Korea
ind-97464939-004,Emelina,MacKeig,1937-07-23T00:40:35Z,06,Dahle,Kowŏn-ŭp,,North Korea
ind-18027749-947,Jobey,Maliffe,1985-02-05T07:07:39Z,1,Hoffman,Ongjin,,North Korea
ind-29811885-845,Moritz,Markham,2007-05-24T03:52:43Z,14,Drewry,Yŏnan-ŭp,,North Korea
ind-60776310-134,Kerrin,Eilhart,1946-09-29T07:00:58Z,837,Hayes,Anbyŏn-ŭp,,North Korea
ind-63137748-886,Spenser,Lutton,1964-08-12T20:08:07Z,9,Blaine,Chongjin,,North Korea
ind-50722323-142,Mycah,Filintsev,1983-03-12T02:59:13Z,0808,Burrows,Yuktae-dong,,North Korea
ind-56612743-140,Saunderson,Welbeck,1991-12-09T12:58:08Z,26927,Welch,Sŏnbong,,North Korea
ind-57728254-307,Townsend,Cobson,1956-01-30T05:50:31Z,067,Prentice,Haeju,,North Korea
ind-42730258-574,Judd,Stonman,1975-11-02T10:24:42Z,82,International,Chongjin,,North Korea
ind-50117291-619,Mohandis,Nutbean,1986-10-25T17:33:21Z,1,Hazelcrest,Sunan,,North Korea
ind-29079507-881,Ortensia,Beed,1943-07-23T21:26:02Z,08,Iowa,Ŭiju,,North Korea
ind-77789259-418,Marty,Kubyszek,1967-09-16T14:09:05Z,912,Kingsford,Kilju,,North Korea
ind-18243496-230,Babbette,Warland,1936-12-08T05:43:37Z,84,Hovde,Chunghwa,,North Korea
ind-53493459-551,Tome,Eckh,1991-02-20T22:22:59Z,88,Weeping Birch,Anak,,North Korea
ind-99462161-059,Sylvester,Cavalier,1928-07-07T03:33:20Z,0898,Dovetail,Kosan,,North Korea
ind-91599232-662,Luise,MacMenamin,1967-09-01T22:56:09Z,6,Westerfield,Sŭngho 1-tong,,North Korea
ind-15562905-124,Marley,Bench,1982-11-06T11:21:41Z,63277,La Follette,Hamhŭng,,North Korea
ind-24678358-660,Basilius,Karolewski,1946-10-05T02:15:28Z,5438,Westridge,Ongjin,,North Korea
ind-28498132-564,Alaine,Sigmund,1921-02-28T02:25:41Z,7,Bunting,Chongjin,,North Korea
ind-84277688-111,Karlyn,Quincey,1992-08-19T06:18:12Z,9,Autumn Leaf,Ayang-ni,,North Korea
ind-20009001-012,Torie,Rupke,1987-09-25T03:51:38Z,0,Morningstar,Hyesan-dong,,North Korea
ind-59341420-032,Sela,Stoade,2009-11-05T13:51:37Z,13907,Oneill,Kapsan-ŭp,,North Korea
ind-28766747-198,Kristopher,Siemon,1945-07-02T18:01:18Z,0225,Shopko,Sil-li,,North Korea
ind-46305230-146,Max,Lyven,1972-11-25T15:39:28Z,5173,Hoepker,Kyŏngsŏng,,North Korea
ind-17045639-397,Rozalin,Mendez,1942-07-20T13:32:31Z,608,Cordelia,Aoji-ri,,North Korea
ind-22690050-756,Klaus,Mabbe,1940-11-17T13:32:19Z,379,Blaine,Ongjin,,North Korea
ind-69842014-191,Kirby,Dally,1981-09-07T09:40:44Z,46,Mallory,Kyŏngsŏng,,North Korea
ind-92312617-024,Malissia,Pelling,1923-05-30T20:45:45Z,18,Artisan,Hŭkkyo-ri,,North Korea
ind-42486794-080,Rae,Danne,1954-04-06T21:02:26Z,81572,Canary,Sinŭiju,,North Korea
ind-11555760-584,Delores,Roony,1990-10-26T14:29:02Z,00841,Sycamore,Sariwŏn,,North Korea
ind-14828216-760,Gerick,Figger,1923-05-18T16:42:23Z,180,Prairie Rose,Sinanju,,North Korea
ind-57212323-518,Ariana,Garvey,2008-11-07T01:05:16Z,3,Sycamore,Nanam,,North Korea
ind-73140605-115,Charleen,Larmor,1994-09-29T08:34:20Z,71008,Burning Wood,Kujang-ŭp,,North Korea
ind-74290042-616,Evvie,Barhams,1999-07-29T13:44:14Z,0,Algoma,Najin,,North Korea
ind-35292234-038,Tiphanie,O'Rudden,2007-07-10T19:04:09Z,4453,Starling,Yŏnggwang-ŭp,,North Korea
ind-45077167-379,Rhetta,Grigorian,1972-06-25T21:48:43Z,06567,Bartillon,Kilju,,North Korea
ind-17219442-152,Damiano,Harrell,1930-06-15T03:35:50Z,59795,Forest Dale,Anju,,North Korea
ind-84444069-831,John,Dollar,1987-02-15T14:13:17Z,51,Green,Hoeryŏng,,North Korea
ind-39706648-331,Celie,Capineer,1980-01-10T02:11:34Z,87,American Ash,Haeju,,North Korea
ind-15345651-271,Pren,Lean,1946-01-15T02:51:11Z,0,Carey,Aoji-ri,,North Korea
ind-27408138-203,Brigitta,Besson,1984-07-20T04:22:13Z,68,Del Mar,Changyŏn,,North Korea
ind-57359717-218,Katina,Brickhill,1974-04-28T19:01:58Z,04599,Center,Sariwŏn,,North Korea
ind-00358622-454,Saloma,Volkers,1987-04-11T20:17:50Z,732,Rigney,Kosan,,North Korea
ind-43740038-664,Riley,Paoletti,1942-10-22T10:06:32Z,6,Bay,Anju,,North Korea
ind-79066578-630,Rad,Leyburn,1933-10-26T17:27:54Z,35369,Thackeray,Hyesan-dong,,North Korea
ind-62123329-512,Jackquelin,Bollands,1920-01-26T18:32:31Z,08898,Springview,Ayang-ni,,North Korea
ind-35977149-489,Lilla,Ratcliffe,1964-04-11T03:48:07Z,5614,Golf View,Kujang-ŭp,,North Korea
ind-03472193-883,Judi,Ambrose,1954-05-13T18:46:24Z,7963,Express,Yŏnggwang-ŭp,,North Korea
ind-72228938-179,Tawsha,Bartol,1978-02-20T08:44:25Z,4,Brentwood,Yuktae-dong,,North Korea
ind-53846343-891,Guthry,Janning,1924-05-20T03:28:26Z,2321,Becker,Najin,,North Korea
ind-99512831-206,Barty,Haldon,2008-07-26T18:27:05Z,52536,Bellgrove,Kaesŏng,,North Korea
ind-94592194-330,Annette,Gebbie,1982-04-17T13:36:35Z,6,Muir,Hŭngju-dong,,North Korea
ind-02534291-368,Judy,Shoute,1960-09-03T13:56:26Z,96,Packers,Hongwŏn,,North Korea
ind-10349590-083,Chip,Rodnight,1946-01-07T19:15:13Z,6657,Fordem,Sil-li,,North Korea
ind-39069500-341,Chick,Twelvetrees,1946-12-28T22:08:47Z,296,Shasta,Hyesan-si,,North Korea
ind-80866513-743,Candace,Cardenosa,1954-01-30T10:13:06Z,7,Basil,Hyesan-si,,North Korea
ind-67398186-370,Caterina,Shieldon,1924-08-12T17:47:43Z,7910,East,Sinanju,,North Korea
ind-04897779-525,Ellen,Garvey,1957-07-25T08:41:51Z,1164,Knutson,Kaesŏng,,North Korea
ind-66302962-778,Patsy,Petrowsky,1985-11-22T17:55:20Z,8296,Division,Hyesan-si,,North Korea
